Date,Price,Open,High,Low,Vol.,Change %
9/24/2019,443.85,443.7,444.5,442.55,3.90K,0.05%
9/23/2019,443.65,445.45,445.45,439.4,20.29K,0.06%
9/20/2019,443.4,448.85,448.9,442.5,18.13K,-0.93%
9/19/2019,447.55,447.9,448.95,445.65,16.77K,0.15%
9/18/2019,446.9,453.05,453.4,446.5,20.75K,-1.03%
9/17/2019,451.55,456,456,450.2,17.90K,-0.97%
9/16/2019,455.95,457.3,459.95,455.05,19.32K,-0.87%
9/13/2019,459.95,453.85,460.3,452.7,23.42K,1.57%
9/12/2019,452.85,451.9,456.95,445.2,31.66K,0.53%
9/11/2019,450.45,453.1,455.4,449.55,17.73K,-0.74%
9/10/2019,453.8,452,454.75,450.6,10.16K,0.11%
9/9/2019,453.3,452.75,453.85,450.35,14.12K,-0.01%
9/6/2019,453.35,454.4,455.9,451.4,18.55K,-0.46%
9/5/2019,455.45,449.4,456.2,447.5,25.09K,1.35%
9/4/2019,449.4,441.45,449.9,441.45,20.34K,2.02%
9/3/2019,440.5,441,442.8,435.65,20.40K,0.10%
9/2/2019,440.05,442.05,442.05,439.6,5.97K,0.65%
8/30/2019,437.2,439.8,441.5,435.75,0.05K,-0.86%
8/29/2019,441,442.25,446.9,439.5,0.48K,-0.44%
8/28/2019,442.95,440.3,444.35,438.85,0.83K,0.54%
8/27/2019,440.55,439.95,442.9,439.15,1.54K,-0.01%
8/26/2019,440.6,439.6,441.9,436.85,6.50K,0.12%
8/23/2019,440.05,446.3,446.4,439.5,15.84K,-1.09%
8/22/2019,444.9,447.6,447.6,443.65,13.15K,-0.22%
8/21/2019,445.9,447.85,447.85,445.25,11.68K,0.09%
8/20/2019,445.5,449.15,450.35,445.15,15.45K,-1.03%
8/19/2019,450.15,446.65,451.25,445.55,20.92K,0.93%
8/16/2019,446,448.5,448.5,445,11.19K,-0.51%
8/14/2019,448.3,449.35,450.25,446.2,13.16K,-0.46%
8/13/2019,450.35,444.6,451.3,443.75,20.60K,1.27%
8/12/2019,444.7,446,446.8,444.3,6.26K,-0.07%
8/9/2019,445,442.45,446.8,441.3,16.12K,0.51%
8/8/2019,442.75,440,444.8,438.25,16.20K,-0.01%
8/7/2019,442.8,438.1,443.4,435.65,17.96K,0.72%
8/6/2019,439.65,438.25,440.3,436.5,12.09K,0.43%
8/5/2019,437.75,432.3,438.85,432.3,16.89K,1.04%
8/2/2019,433.25,438.2,440.5,432.55,16.83K,-1.53%
8/1/2019,440,444.45,444.9,438.8,17.39K,0.70%
7/31/2019,436.95,449.45,449.75,435.4,0.07K,-2.62%
7/30/2019,448.7,452.4,453.4,446.5,0.19K,-0.58%
7/29/2019,451.3,443.9,456,441.8,1.21K,1.52%
7/26/2019,444.55,449.3,450.7,443.25,2.45K,-0.97%
7/25/2019,448.9,451.5,451.5,448.1,7.59K,-0.67%
7/24/2019,451.95,450.6,453.25,450.25,14.27K,0.17%
7/23/2019,451.2,455.8,455.8,450.2,16.28K,-0.85%
7/22/2019,455.05,456.8,458.85,454.45,15.98K,-0.32%
7/19/2019,456.5,448.9,461.6,448.9,27.94K,2.00%
7/18/2019,447.55,445.95,448.5,445.7,20.06K,0.18%
7/17/2019,446.75,444.3,447.2,442.45,18.46K,0.68%
7/16/2019,443.75,445.4,448.85,443.15,21.95K,-0.38%
7/15/2019,445.45,444.2,446.2,443.25,19.84K,0.52%
7/12/2019,443.15,441.6,444.8,440.5,21.62K,0.43%
7/11/2019,441.25,441.5,442.2,439.15,18.64K,-0.26%
7/10/2019,442.4,433,442.95,433,22.83K,2.28%
7/9/2019,432.55,437.3,437.45,431.2,21.16K,-1.18%
7/8/2019,437.7,437,442,436,14.33K,-0.18%
7/5/2019,438.5,440.4,440.4,436.4,12.73K,-0.26%
7/4/2019,439.65,441,441,438.8,11.80K,-0.49%
7/3/2019,441.8,440,442.5,436.25,20.63K,0.56%
7/2/2019,439.35,444,444.3,438.85,19.71K,-0.77%
7/1/2019,442.75,447,453,442,19.75K,7.73%
6/28/2019,411,413.65,413.65,410.1,26.43K,-0.76%
6/27/2019,414.15,416.9,417.25,411.6,38.93K,-0.48%
6/26/2019,416.15,421,421,413.35,45.13K,-0.34%
6/25/2019,417.55,414.4,420.4,413.7,41.88K,0.64%
6/24/2019,414.9,417.5,417.5,412.15,30.78K,-0.18%
6/21/2019,415.65,418.1,418.7,413.7,32.61K,-0.28%
6/20/2019,416.8,413.9,419.9,413.9,39.37K,1.05%
6/19/2019,412.45,415.7,417.25,412.2,31.95K,-0.79%
6/18/2019,415.75,409.6,417.1,408.5,49.96K,1.44%
6/17/2019,409.85,406.85,410.2,405.2,39.17K,0.84%
6/14/2019,406.45,409.1,409.3,406.1,34.23K,-0.65%
6/13/2019,409.1,406,409.5,404.6,48.27K,0.43%
6/12/2019,407.35,410.15,410.15,405.3,45.76K,-0.69%
6/11/2019,410.2,410.7,415.3,409.5,43.53K,-0.04%
6/10/2019,410.35,405.2,410.6,405,41.79K,1.85%
6/7/2019,402.9,406.55,408.85,399.55,61.96K,-0.76%
6/6/2019,406,404.05,406.5,403.1,33.18K,0.69%
6/5/2019,403.2,410.1,410.1,402.85,23.66K,-1.79%
6/4/2019,410.55,406.5,410.8,405.2,37.01K,0.91%
6/3/2019,406.85,406.8,407.55,403.6,43.26K,-0.02%
5/31/2019,406.95,410.3,411,406.5,48.92K,-0.72%
5/30/2019,409.9,412.15,412.6,408.5,41.59K,-0.80%
5/29/2019,413.2,415.95,416.45,411.85,35.88K,-0.86%
5/28/2019,416.8,418.8,419.3,415.6,32.31K,-0.37%
5/27/2019,418.35,416.15,418.75,416.15,19.35K,0.70%
5/24/2019,415.45,415.5,417.7,414.75,35.57K,0.00%
5/23/2019,415.45,413,416.25,410.6,39.14K,0.31%
5/22/2019,414.15,420.55,420.55,413.6,43.40K,-1.38%
5/21/2019,419.95,423.75,424.65,419.35,36.76K,-0.59%
5/20/2019,422.45,425.4,425.4,419.65,37.14K,-1.35%
5/17/2019,428.25,427.4,428.8,424.3,46.69K,-0.04%
5/16/2019,428.4,427.95,432.4,427.5,40.16K,-0.09%
5/15/2019,428.8,427.85,429.6,425,38.34K,0.57%
5/14/2019,426.35,428,428.85,424.75,33.59K,-0.12%
5/13/2019,426.85,429.5,430.4,425.75,40.29K,-1.23%
5/10/2019,432.15,432.6,433.7,429.55,45.46K,-0.01%
5/9/2019,432.2,429.6,432.9,426.3,47.94K,0.54%
5/8/2019,429.9,432.3,434.85,428.1,52.96K,-0.12%
5/7/2019,430.4,437.25,437.9,429.35,55.85K,-1.80%
5/6/2019,438.3,432.1,438.7,429.1,49.06K,0.91%
5/3/2019,434.35,431.9,435.55,428.15,49.94K,0.89%
5/2/2019,430.5,434.25,435.45,428.25,43.12K,-1.15%
5/1/2019,435.5,449.8,449.8,434.1,42.32K,-2.57%
4/30/2019,447,443.5,449,442,21.24K,0.45%
4/26/2019,445,446,447.75,443.2,40.98K,0.14%
4/25/2019,444.4,450.9,450.9,444.05,40.68K,-1.46%
4/24/2019,451,446,462.95,444.8,39.94K,1.05%
4/23/2019,446.3,446.05,449.2,443.75,37.99K,-0.07%
4/22/2019,446.6,449.1,450.95,445.25,26.89K,-0.31%
4/18/2019,448,453.6,453.7,445.85,41.91K,-1.56%
4/17/2019,455.1,453,459,452.95,31.19K,0.93%
4/16/2019,450.9,450.1,453.2,449.15,35.01K,0.09%
4/15/2019,450.5,449,451.05,447.55,29.95K,-0.12%
4/12/2019,451.05,443.45,452,443.45,42.79K,2.14%
4/11/2019,441.6,446.85,446.85,440.85,32.84K,-1.36%
4/10/2019,447.7,449,450.45,446.1,36.40K,-0.48%
4/9/2019,449.85,453.2,455.45,449.6,39.02K,-0.50%
4/8/2019,452.1,444.25,452.7,444.25,36.23K,2.00%
4/5/2019,443.25,445.6,447.8,442.35,34.39K,-0.53%
4/4/2019,445.6,447.6,450.5,444.2,40.62K,-0.35%
4/3/2019,447.15,445.7,448.65,444.1,39.30K,0.49%
4/2/2019,444.95,449.95,450.4,443.35,29.72K,-0.96%
4/1/2019,449.25,452.7,455.2,447.3,34.24K,-0.40%
3/29/2019,451.05,441.9,451.65,441.9,45.21K,2.19%
3/28/2019,441.4,438.3,443.5,437.75,34.80K,0.49%
3/27/2019,439.25,438.45,439.9,436.1,35.80K,0.23%
3/26/2019,438.25,436.1,439.15,435.2,31.79K,0.25%
3/25/2019,437.15,436,437.7,434.2,32.39K,-0.07%
3/22/2019,437.45,443.2,444.75,436.35,45.09K,-1.34%
3/21/2019,443.4,446.95,449.5,441.6,23.46K,-0.59%
3/20/2019,446.05,448.9,448.9,444.2,28.84K,-0.39%
3/19/2019,447.8,444.5,450.4,442.4,41.34K,1.00%
3/18/2019,443.35,447.1,447.4,442.45,33.99K,-0.49%
3/15/2019,445.55,446.45,449,443.5,46.37K,0.09%
3/14/2019,445.15,452.2,452.7,443.8,41.56K,-1.69%
3/13/2019,452.8,452.95,455.75,450.2,31.75K,0.01%
3/12/2019,452.75,451.5,457.1,451.5,38.06K,0.61%
3/11/2019,450,451.9,451.9,448.1,28.12K,-0.03%
3/8/2019,450.15,452.2,453.1,447.2,32.86K,-0.87%
3/7/2019,454.1,455.1,455.1,451.5,32.96K,-0.20%
3/6/2019,455,459.65,460.45,454.5,32.94K,-1.16%
3/5/2019,460.35,462.4,462.65,459.1,30.33K,0.34%
3/4/2019,458.8,462,462,456.8,19.18K,-0.83%
3/1/2019,462.65,465,468.65,461.9,38.48K,0.00%
2/28/2019,462.65,464,465.45,462,23.60K,-0.44%
2/27/2019,464.7,461.4,466,458.8,33.96K,0.87%
2/26/2019,460.7,459,463.35,459,32.14K,0.12%
2/25/2019,460.15,462.4,466.75,459.35,39.32K,-0.48%
2/22/2019,462.35,454.85,463.35,454.85,41.52K,1.54%
2/21/2019,455.35,456.85,457.45,453.75,31.52K,-0.58%
2/20/2019,458,453.5,458.25,451.25,37.87K,1.22%
2/19/2019,452.5,449.05,452.9,445.9,39.21K,1.06%
2/18/2019,447.75,443,448.9,443,29.70K,1.35%
2/15/2019,441.8,434.4,442.6,433.8,36.54K,1.55%
2/14/2019,435.05,434.6,440.3,433.5,35.65K,0.07%
2/13/2019,434.75,433.65,436.05,432.3,25.67K,0.50%
2/12/2019,432.6,439,439.6,430.65,30.71K,-1.53%
2/11/2019,439.3,442.1,442.1,437.45,27.34K,-0.77%
2/8/2019,442.7,445.15,447,442.15,31.74K,-0.81%
2/7/2019,446.3,448.9,450.3,445.65,37.21K,-0.63%
2/6/2019,449.15,447.3,451.35,446.55,36.48K,0.74%
2/5/2019,445.85,445,447.5,444.2,30.86K,0.41%
2/4/2019,444.05,438.4,444.9,437.2,33.94K,1.21%
2/1/2019,438.75,435.5,439.85,434.45,29.16K,0.26%
1/31/2019,437.6,436.25,439.9,435.5,31.83K,0.21%
1/30/2019,436.7,430.95,438.35,429.7,39.55K,1.38%
1/29/2019,430.75,424,431.35,423.45,34.99K,1.95%
1/28/2019,422.5,427.45,429.5,421.75,33.64K,-1.40%
1/25/2019,428.5,418.45,428.9,417.85,49.21K,2.82%
1/24/2019,416.75,419.4,420.7,414.1,36.08K,-0.60%
1/23/2019,419.25,420.6,423.15,418.65,32.12K,-0.21%
1/22/2019,420.15,423.2,424.4,419.5,32.24K,-0.59%
1/21/2019,422.65,428.45,429.6,422.1,32.67K,-1.56%
1/18/2019,429.35,424.5,430.8,424.5,46.07K,1.44%
1/17/2019,423.25,422.95,424.35,419.35,36.34K,0.43%
1/16/2019,421.45,417.6,423.45,417.6,35.60K,1.19%
1/15/2019,416.5,415.7,419.5,415.7,30.58K,0.56%
1/14/2019,414.2,414,415.1,411.6,31.71K,-0.41%
1/11/2019,415.9,415.05,417.8,412.85,34.51K,0.85%
1/10/2019,412.4,417.2,418.8,411.75,37.94K,-1.16%
1/9/2019,417.25,415,421.2,414.55,46.46K,0.93%
1/8/2019,413.4,409.6,414.35,408.55,41.79K,0.89%
1/7/2019,409.75,409.2,411.8,406.65,40.84K,0.04%
1/4/2019,409.6,402.55,409.9,402,56.11K,2.32%
1/3/2019,400.3,408.6,410,397.4,51.68K,-1.84%
1/2/2019,407.8,410,412.6,404.7,52.85K,0.02%
1/1/2019,407.7,409.95,409.95,406.8,5.62K,-0.01%
12/31/2018,407.75,418.9,420.4,407,40.81K,-2.29%
12/28/2018,417.3,419.5,424.7,416.6,40.10K,0.25%
12/27/2018,416.25,422,423.15,415.2,33.02K,-1.14%
12/26/2018,421.05,413.65,424.4,411.8,44.77K,1.38%
12/24/2018,415.3,418.45,419.5,413.6,29.54K,-0.49%
12/21/2018,417.35,419.9,422.7,416.85,31.51K,-0.48%
12/20/2018,419.35,422.2,422.45,415.9,40.32K,-1.26%
12/19/2018,424.7,418.35,425.55,417.75,32.05K,1.72%
12/18/2018,417.5,436,436,416.85,59.16K,-4.85%
12/17/2018,438.8,440.45,440.8,434.05,35.81K,-0.66%
12/14/2018,441.7,440,442.9,437.1,33.82K,0.09%
12/13/2018,441.3,444.1,447.2,441,35.63K,-0.35%
12/12/2018,442.85,445.1,445.8,442.1,30.66K,-0.75%
12/11/2018,446.2,442.5,447.8,437.1,43.51K,1.28%
12/10/2018,440.55,436.6,444.35,434.3,34.72K,0.48%
12/7/2018,438.45,432.45,439.4,432.25,33.88K,1.58%
12/6/2018,431.65,433.85,435.1,428.2,37.44K,-1.27%
12/5/2018,437.2,435.5,437.65,432.1,33.21K,0.62%
12/4/2018,434.5,441.6,443.9,433.15,43.24K,-1.61%
12/3/2018,441.6,434.5,447.5,434.5,45.56K,3.49%
11/30/2018,426.7,428.25,429.1,423.2,19.82K,0.04%
11/29/2018,426.55,433,433,425.6,37.74K,-1.91%
11/28/2018,434.85,425.9,435.65,424.95,43.98K,2.37%
11/27/2018,424.8,429.65,430.2,423.8,43.98K,-1.31%
11/26/2018,430.45,429.75,433.8,428.15,35.00K,0.14%
11/23/2018,429.85,435.5,435.5,428.75,19.66K,-1.58%
11/22/2018,436.75,437.75,439.7,434.35,30.75K,-0.41%
11/21/2018,438.55,435.9,440.95,435.1,35.14K,0.68%
11/20/2018,435.6,440,448.7,434.8,57.94K,-1.30%
11/19/2018,441.35,441.5,443,438,37.97K,-0.35%
11/16/2018,442.9,437.4,444.2,434.15,37.14K,1.43%
11/15/2018,436.65,433.5,440,432.7,42.47K,0.96%
11/14/2018,432.5,428.5,433.95,425.7,40.71K,0.57%
11/13/2018,430.05,432.3,441.4,428.35,61.95K,-0.35%
11/12/2018,431.55,433.5,435.45,431.25,30.38K,0.07%
11/9/2018,431.25,438.2,438.2,429.7,38.48K,-1.78%
11/8/2018,439.05,440.5,440.5,433.65,22.32K,-0.79%
11/7/2018,442.55,442.8,443.2,442.2,2.46K,0.23%
11/6/2018,441.55,444.1,447.85,441.05,35.12K,-0.67%
11/5/2018,444.55,450,452,443.35,42.67K,-1.48%
11/2/2018,451.25,439.5,452.7,437.3,89.04K,2.38%
11/1/2018,440.75,437,441.7,432.35,50.03K,1.16%
10/31/2018,435.7,436.1,439.5,434.35,41.91K,0.23%
10/30/2018,434.7,444.5,445.2,434.15,53.62K,-2.39%
10/29/2018,445.35,445.5,451.2,444.05,49.08K,0.15%
10/26/2018,444.7,445.5,445.5,440.65,48.86K,-0.69%
10/25/2018,447.8,446.8,450.25,441.55,56.31K,-0.02%
10/24/2018,447.9,450.2,453.95,447,42.59K,-0.28%
10/23/2018,449.15,453.7,454.3,447.55,50.86K,-1.22%
10/22/2018,454.7,454.5,460.5,454.1,51.28K,0.38%
10/19/2018,453,447.5,453.65,447.15,40.57K,1.16%
10/18/2018,447.8,449.1,450.35,445.55,25.01K,-1.08%
10/17/2018,452.7,452,457.1,449.35,57.84K,0.03%
10/16/2018,452.55,455.9,456.3,451.25,43.93K,-0.98%
10/15/2018,457.05,460.7,464.75,456.5,50.88K,-0.54%
10/12/2018,459.55,458.2,462.85,456.8,50.36K,0.07%
10/11/2018,459.25,458,461.5,447.5,75.54K,0.12%
10/10/2018,458.7,462.95,464.4,458.1,50.79K,-0.97%
10/9/2018,463.2,458,463.6,454.9,54.30K,1.56%
10/8/2018,456.1,454.05,458,451.7,43.01K,-0.10%
10/5/2018,456.55,455.5,459.8,452.05,52.28K,-0.14%
10/4/2018,457.2,465.1,469.35,455.65,52.43K,-1.61%
10/3/2018,464.7,458.4,465.5,455.65,42.16K,2.14%
10/1/2018,454.95,451,456.85,446.4,53.91K,0.44%
9/28/2018,452.95,449.9,453.95,446.65,45.73K,1.03%
9/27/2018,448.35,455.5,455.5,446,54.78K,-1.81%
9/26/2018,456.6,457.55,458.95,455.1,38.24K,-0.16%
9/25/2018,457.35,458.5,460.35,453.3,48.62K,-0.38%
9/24/2018,459.1,457,463.25,456.7,51.78K,0.21%
9/21/2018,458.15,439.5,461.5,439.5,86.77K,4.40%
9/20/2018,438.85,436.7,439.2,434.8,24.08K,0.29%
9/19/2018,437.6,443.4,446.3,437.1,56.88K,-1.00%
9/18/2018,442,430.5,443.95,427.4,96.86K,2.85%
9/17/2018,429.75,424.3,430.35,424.15,54.65K,1.37%
9/14/2018,423.95,430.5,432.45,423,58.28K,-1.12%
9/13/2018,428.75,431.5,434.45,428,39.35K,-0.23%
9/12/2018,429.75,424.5,431.5,422.25,81.07K,0.99%
9/11/2018,425.55,426.8,431.05,421,73.41K,-0.29%
9/10/2018,426.8,422.8,427.5,421.8,49.18K,0.99%
9/7/2018,422.6,424,426.5,418.9,59.09K,-0.42%
9/6/2018,424.4,420.5,429.4,420.4,59.75K,1.13%
9/5/2018,419.65,416.1,420.3,415.55,42.73K,0.94%
9/4/2018,415.75,423.85,424.45,414.3,52.32K,-1.91%
9/3/2018,423.85,422.5,425.7,421,35.11K,2.38%
8/31/2018,414,420.5,421.2,412.5,48.44K,-1.95%
8/30/2018,422.25,420.55,423.3,417.3,54.77K,0.07%
8/29/2018,421.95,424.15,425.15,420.6,42.23K,-0.31%
8/28/2018,423.25,417.5,425,417.25,55.39K,1.14%
8/27/2018,418.5,417.9,420.75,417.5,30.74K,0.54%
8/24/2018,416.25,412.5,418.85,412.05,50.99K,1.34%
8/23/2018,410.75,411.55,412.55,405.25,50.58K,-0.35%
8/22/2018,412.2,415,415.4,411.2,27.23K,-0.93%
8/21/2018,416.05,412.4,417.8,411.85,41.94K,0.96%
8/20/2018,412.1,408.95,414.8,408.45,43.37K,1.09%
8/17/2018,407.65,406.7,409.1,403.6,47.29K,0.56%
8/16/2018,405.4,415,415,402.55,58.81K,-2.56%
8/14/2018,416.05,422.75,422.75,415.25,47.51K,-1.78%
8/13/2018,423.6,419.5,426,418.45,49.38K,0.95%
8/10/2018,419.6,421.55,422.1,417.1,45.56K,-0.37%
8/9/2018,421.15,419.9,427.95,419.9,55.48K,0.75%
8/8/2018,418,420.4,421.6,416.25,48.49K,-0.02%
8/7/2018,418.1,417,420.7,416.5,45.87K,0.63%
8/6/2018,415.5,418.5,418.5,413.2,41.04K,-0.85%
8/3/2018,419.05,415.55,422.4,413.25,57.59K,0.53%
8/2/2018,416.85,415.5,418.5,412.25,57.34K,0.49%
8/1/2018,414.8,429.3,429.3,413.15,67.48K,-3.57%
7/31/2018,430.15,425.9,431,421.55,57.55K,1.12%
7/30/2018,425.4,424.55,426.7,421.05,39.69K,-0.11%
7/27/2018,425.85,429.65,431.6,423.9,38.40K,-0.71%
7/26/2018,428.9,431.5,433,427.35,39.30K,-0.28%
7/25/2018,430.1,428.7,432.4,426.75,43.10K,0.27%
7/24/2018,428.95,422,433.4,421.25,57.86K,2.12%
7/23/2018,420.05,419.2,424,418.75,39.98K,-0.07%
7/20/2018,420.35,415.2,421.5,414.65,55.08K,1.48%
7/19/2018,414.2,420.5,421.2,409.55,65.84K,-1.53%
7/18/2018,420.65,418.3,421.45,414.2,48.49K,0.67%
7/17/2018,417.85,423.5,425.3,417.1,47.82K,-0.85%
7/16/2018,421.45,423.5,423.95,419,32.12K,-0.30%
7/13/2018,422.7,423,424.1,418.8,35.44K,0.20%
7/12/2018,421.85,421.5,425.8,420,43.26K,0.40%
7/11/2018,420.15,430,430,416.8,48.19K,-2.99%
7/10/2018,433.1,437.9,438.7,431.1,39.73K,-0.82%
7/9/2018,436.7,434.55,439,434.15,41.05K,1.18%
7/6/2018,431.6,432,434.75,427.55,60.56K,-0.44%
7/5/2018,433.5,438.2,441.15,432.5,51.79K,-0.99%
7/4/2018,437.85,447.4,448.2,434.3,52.62K,-1.77%
7/3/2018,445.75,449.4,453.2,444.4,38.36K,-1.11%
7/2/2018,450.75,451.7,452.85,447.45,30.55K,1.04%
6/29/2018,446.1,448.95,451,445.45,26.28K,-0.47%
6/28/2018,448.2,454,454.35,445.5,35.64K,-1.22%
6/27/2018,453.75,450.45,455.5,448.6,42.99K,0.41%
6/26/2018,451.9,449.7,452.4,448.8,30.88K,0.72%
6/25/2018,448.65,456,456.6,448.3,31.52K,-1.22%
6/22/2018,454.2,454.3,456.25,452.05,32.61K,0.06%
6/21/2018,453.95,457.55,458.9,452.25,41.73K,-0.84%
6/20/2018,457.8,458.75,460.95,454.7,45.15K,-0.15%
6/19/2018,458.5,467.1,467.65,458.15,52.48K,-2.19%
6/18/2018,468.75,472.1,473.75,466.1,45.13K,-1.09%
6/15/2018,473.9,481.95,483.2,472.6,51.31K,-1.59%
6/14/2018,481.55,483.9,485.35,480.25,39.16K,-0.72%
6/13/2018,485.05,482.6,487.2,481.5,41.48K,0.09%
6/12/2018,484.6,484.8,486.7,482.1,38.50K,-0.08%
6/11/2018,485,489.9,489.95,483.8,47.68K,-1.27%
6/8/2018,491.25,486.9,493.25,484.8,61.13K,0.76%
6/7/2018,487.55,483.2,493.25,482.45,76.94K,1.31%
6/6/2018,481.25,474,482.5,473.1,57.66K,1.36%
6/5/2018,474.8,464.9,475.2,464.25,51.78K,2.04%
6/4/2018,465.3,459.7,465.65,458.7,43.14K,1.41%
6/1/2018,458.85,456.3,459.25,454.65,36.73K,0.39%
5/31/2018,457.05,459.3,461.85,454.7,45.86K,-0.39%
5/30/2018,458.85,460.1,460.1,450.85,54.78K,-0.40%
5/29/2018,460.7,461.1,467.7,460.2,58.67K,0.32%
5/28/2018,459.25,461,462.2,453.4,36.91K,-0.55%
5/25/2018,461.8,467.6,469.75,461.2,38.35K,-1.55%
5/24/2018,469.05,466.6,469.4,464.55,34.00K,0.84%
5/23/2018,465.15,472.2,472.2,462.8,46.84K,-1.45%
5/22/2018,472,466.5,474.5,465.45,48.61K,0.89%
5/21/2018,467.85,463.1,469.45,463.1,43.29K,1.23%
5/18/2018,462.15,464.15,466.55,461,40.21K,-0.36%
5/17/2018,463.8,462.5,465.45,461.1,41.17K,0.42%
5/16/2018,461.85,461.65,462.45,458.7,29.64K,-0.24%
5/15/2018,462.95,462.7,467.8,460.1,47.98K,-0.16%
5/14/2018,463.7,465,466.9,461.1,36.09K,-0.28%
5/11/2018,465,463.15,466.7,462.35,32.08K,0.45%
5/10/2018,462.9,459.1,465,456.35,47.36K,1.09%
5/9/2018,457.9,457,458.55,455.05,27.57K,0.35%
5/8/2018,456.3,460.2,460.9,449.3,48.82K,-0.62%
5/7/2018,459.15,458.6,463,457.15,27.40K,0.37%
5/4/2018,457.45,458.6,460,453.45,30.54K,-0.04%
5/3/2018,457.65,454.05,461.1,453.25,45.28K,0.48%
5/2/2018,455.45,452.2,457.25,452.2,30.04K,0.90%
5/1/2018,451.4,454.45,455.6,448.95,19.75K,0.49%
4/30/2018,449.2,449.9,451.6,447.1,18.12K,0.17%
4/27/2018,448.45,458.6,458.6,446.5,42.95K,-2.60%
4/26/2018,460.4,460.65,461.4,455.3,39.18K,-0.56%
4/25/2018,463,461,465.7,459.15,37.75K,0.72%
4/24/2018,459.7,458.35,464.45,456.6,40.66K,0.61%
4/23/2018,456.9,460,462.8,451.65,39.64K,-0.40%
4/20/2018,458.75,456.5,460.35,453.1,29.87K,0.39%
4/19/2018,456.95,459.9,464,453.45,43.71K,-0.47%
4/18/2018,459.1,447.4,461.1,446.6,42.38K,2.63%
4/17/2018,447.35,448.6,449.35,443.6,32.05K,0.09%
4/16/2018,446.95,442.75,450.7,442,36.26K,0.95%
4/13/2018,442.75,442.25,445.7,441.35,30.15K,0.11%
4/12/2018,442.25,446.5,448,439.3,46.18K,-1.42%
4/11/2018,448.6,449.25,453.8,447,41.10K,-0.48%
4/10/2018,450.75,443,451,443,39.52K,1.92%
4/9/2018,442.25,438.4,442.85,437.7,39.32K,0.91%
4/6/2018,438.25,437.8,439.35,435.1,40.64K,-0.39%
4/5/2018,439.95,434.4,443.5,433.8,53.80K,1.45%
4/4/2018,433.65,441,441,428.6,69.47K,-1.54%
4/3/2018,440.45,440.55,442.1,438.4,33.74K,0.30%
4/2/2018,439.15,439.9,442.05,438.25,32.88K,0.54%
3/29/2018,436.8,434.95,439.45,434.95,27.36K,0.77%
3/28/2018,433.45,431.1,434.7,428.65,41.27K,0.63%
3/27/2018,430.75,430.5,434.4,429.2,44.64K,0.48%
3/26/2018,428.7,431.6,431.9,425,57.41K,-1.08%
3/23/2018,433.4,438.3,438.3,432.25,52.78K,-1.26%
3/22/2018,438.95,444.55,446.15,435.65,49.89K,-1.04%
3/21/2018,443.55,441.7,444.5,437.6,52.97K,0.52%
3/20/2018,441.25,447.2,447.8,439.65,43.65K,-1.22%
3/19/2018,446.7,447.5,449.2,442.25,46.58K,-0.41%
3/16/2018,448.55,450,453.5,446.3,41.61K,-0.53%
3/15/2018,450.95,455,455,448.5,35.53K,-0.73%
3/14/2018,454.25,452.6,458.6,452.6,50.06K,0.73%
3/13/2018,450.95,449.85,451.8,447.65,36.50K,0.16%
3/12/2018,450.25,452.65,453.35,448.5,37.28K,-0.45%
3/9/2018,452.3,444.7,454,442.45,53.57K,1.57%
3/8/2018,445.3,452,452.35,444.2,42.19K,-1.49%
3/7/2018,452.05,454.3,455,449.8,34.70K,-0.62%
3/6/2018,454.85,452.4,457.25,451.7,35.07K,0.55%
3/5/2018,452.35,453.15,453.15,448.35,33.79K,-0.10%
3/2/2018,452.8,450.5,454.8,450.5,15.27K,0.13%
3/1/2018,452.2,454.8,455.25,449.2,40.40K,1.40%
2/28/2018,445.95,453,453,445.8,26.70K,-1.83%
2/27/2018,454.25,457.7,459.85,451.15,35.35K,-0.75%
2/26/2018,457.7,462.4,462.4,456.6,29.99K,-0.44%
2/23/2018,459.7,461.45,462.5,456.8,33.13K,-1.07%
2/22/2018,464.65,458.4,465.3,453.3,41.37K,0.91%
2/21/2018,460.45,455.4,461,453.3,30.02K,0.71%
2/20/2018,457.2,455,459.6,454.4,26.92K,-0.02%
2/19/2018,457.3,461.3,462.2,455.4,28.09K,-0.91%
2/16/2018,461.5,458.4,464.2,458.1,38.09K,0.75%
2/15/2018,458.05,458.05,458.8,453.65,37.09K,0.11%
2/14/2018,457.55,448,458.05,445.75,51.09K,1.82%
2/13/2018,449.35,441,450,441,28.21K,2.44%
2/12/2018,438.65,435,440.4,435,30.97K,1.33%
2/9/2018,432.9,436.35,438.5,432.3,44.14K,-1.66%
2/8/2018,440.2,441.5,442.5,435.5,51.29K,-0.01%
2/7/2018,440.25,453.9,456.45,439.45,64.07K,-2.78%
2/6/2018,452.85,455.8,457.1,451.2,40.02K,-0.76%
2/5/2018,456.3,452.7,462.2,451.45,39.03K,0.78%
2/2/2018,452.75,456.35,460.7,450,44.24K,-0.43%
2/1/2018,454.7,453,455.55,449.5,37.00K,0.84%
1/31/2018,450.9,451.4,455,450.2,32.64K,0.10%
1/30/2018,450.45,450,451.75,445.3,35.59K,-0.06%
1/29/2018,450.7,456.5,456.5,450.1,29.84K,-0.25%
1/25/2018,451.85,455.9,457.9,451.5,33.28K,-0.50%
1/24/2018,454.1,441,456.35,441,56.50K,3.22%
1/23/2018,439.95,452.05,453.4,439.4,68.04K,-2.79%
1/22/2018,452.6,452.3,454.85,451.1,27.39K,0.48%
1/19/2018,450.45,452.45,456,450,39.44K,-0.50%
1/18/2018,452.7,452,454.4,451.1,27.81K,0.43%
1/17/2018,450.75,455.5,455.5,449.8,34.17K,-1.26%
1/16/2018,456.5,459.5,460,451.95,39.08K,-0.50%
1/15/2018,458.8,457.9,462.45,457.9,27.01K,1.27%
1/12/2018,453.05,457.5,458.1,452.6,24.58K,-0.68%
1/11/2018,456.15,458.45,459.6,452.5,33.69K,-0.21%
1/10/2018,457.1,454.95,461.4,454.5,36.30K,0.74%
1/9/2018,453.75,454.2,458.65,452.95,32.26K,-0.02%
1/8/2018,453.85,452.75,456.25,452,25.22K,0.30%
1/5/2018,452.5,462.85,462.85,452.1,30.92K,-1.14%
1/4/2018,457.7,456.6,462.85,456.6,36.21K,0.03%
1/3/2018,457.55,458.8,459.4,455,29.93K,-0.60%
1/2/2018,460.3,462.9,465.15,458.85,34.70K,-1.01%
1/1/2018,465,467.85,467.85,464.1,4.72K,-0.21%
12/29/2017,466,468.95,469.4,461.4,35.96K,-0.63%
12/28/2017,468.95,466.25,471.6,466.25,41.60K,0.58%
12/27/2017,466.25,463.9,468.25,461.35,40.09K,0.30%
12/26/2017,464.85,460,467.5,459.7,29.46K,1.05%
12/22/2017,460,454.5,460.35,453.85,31.28K,0.71%
12/21/2017,456.75,454,457.3,451.7,34.36K,0.61%
12/20/2017,454,448.15,455.95,447,46.88K,1.24%
12/19/2017,448.45,446.35,449.2,443.8,28.80K,0.04%
12/18/2017,448.25,445.8,448.5,443.95,24.69K,0.55%
12/15/2017,445.8,439.1,446.2,437.2,38.72K,1.47%
12/14/2017,439.35,437.45,441,433.95,34.86K,0.48%
12/13/2017,437.25,433.6,438.2,433,25.75K,0.63%
12/12/2017,434.5,431.5,435.3,431,25.32K,0.65%
12/11/2017,431.7,426.95,432.75,424.9,29.26K,0.91%
12/8/2017,427.8,428.7,429.8,425.2,23.98K,0.36%
12/7/2017,426.25,427.25,430.6,424.3,34.84K,-0.06%
12/6/2017,426.5,424.65,429.6,424.65,34.39K,0.66%
12/5/2017,423.7,443,443,423.1,58.02K,-4.32%
12/4/2017,442.85,445.75,446.7,442.3,23.51K,-0.32%
12/1/2017,444.25,441.3,448.15,440.65,30.34K,2.98%
11/30/2017,431.4,432.55,435.2,430.7,20.23K,-0.17%
11/29/2017,432.15,438.3,438.3,431.2,38.46K,-1.00%
11/28/2017,436.5,443.1,443.1,436.1,38.30K,-2.10%
11/27/2017,445.85,451.55,451.7,444.5,34.15K,-1.38%
11/24/2017,452.1,449.8,452.4,449.2,29.79K,0.71%
11/23/2017,448.9,449.3,449.9,445.85,26.04K,0.13%
11/22/2017,448.3,447,449.65,446.6,27.39K,0.26%
11/21/2017,447.15,443.45,448.2,442.6,29.36K,0.63%
11/20/2017,444.35,439,444.65,438.3,32.77K,0.99%
11/17/2017,440,438,440.25,435.55,27.93K,0.16%
11/16/2017,439.3,441.7,443.9,437.55,32.81K,-0.41%
11/15/2017,441.1,441.5,442.5,436.75,36.68K,-0.35%
11/14/2017,442.65,450.05,452.3,441.7,38.64K,-1.83%
11/13/2017,450.9,445,453.4,444.05,38.33K,1.46%
11/10/2017,444.4,444.05,447.5,442.9,28.44K,-0.01%
11/9/2017,444.45,444.1,444.8,439.4,38.20K,-0.15%
11/8/2017,445.1,446.45,446.65,441.15,35.41K,-0.04%
11/7/2017,445.3,450.35,452.85,444.1,38.69K,-1.25%
11/6/2017,450.95,447.35,453.45,447.35,30.79K,1.16%
11/3/2017,445.8,447,450.5,444.3,32.47K,-0.48%
11/2/2017,447.95,449.5,452.1,445.3,34.96K,0.09%
11/1/2017,447.55,446.25,454.4,446.25,45.56K,0.64%
10/31/2017,444.7,444.8,449.1,442.8,33.66K,-0.31%
10/30/2017,446.1,445,447.15,443.4,22.64K,0.07%
10/27/2017,445.8,453.5,453.5,442.65,49.45K,-2.44%
10/26/2017,456.95,456.45,457.9,452.5,30.17K,0.13%
10/25/2017,456.35,460,460,453.25,35.82K,-1.02%
10/24/2017,461.05,459.6,465.2,458.85,38.75K,0.69%
10/23/2017,457.9,455.1,458.2,453.35,26.37K,0.53%
10/20/2017,455.5,455,459.7,452.15,18.32K,0.44%
10/19/2017,453.5,456,456,452.9,5.95K,-0.71%
10/18/2017,456.75,459.7,461.4,456.3,40.68K,-0.49%
10/17/2017,459,463.45,464.05,458.1,38.73K,-1.00%
10/16/2017,463.65,450,466.35,450,81.77K,3.50%
10/13/2017,447.95,446.2,450.75,446.2,33.08K,-0.34%
10/12/2017,449.5,446.25,451.25,445.5,33.45K,0.56%
10/11/2017,447,442.25,447.4,441.15,41.33K,0.89%
10/10/2017,443.05,439.5,443.45,438.1,34.27K,0.83%
10/9/2017,439.4,437.9,439.75,437.3,19.39K,0.11%
10/6/2017,438.9,439.75,442.2,438.2,32.76K,-0.16%
10/5/2017,439.6,428,439.8,427.55,48.91K,3.02%
10/4/2017,426.7,429.65,430.2,425.5,27.07K,-0.74%
10/3/2017,429.9,426,431.85,425.7,25.59K,0.46%
9/29/2017,427.95,430.95,433.35,426.75,29.57K,-0.88%
9/28/2017,431.75,426.3,433.4,424.2,35.16K,1.36%
9/27/2017,425.95,425.7,429.55,424.2,31.07K,0.57%
9/26/2017,423.55,425.5,429.75,421.6,28.63K,-0.38%
9/25/2017,425.15,423.5,425.35,422.15,22.85K,0.38%
9/22/2017,423.55,420.55,423.85,417.3,36.33K,0.19%
9/21/2017,422.75,422.9,425.7,418.2,43.18K,-0.33%
9/20/2017,424.15,424.55,427.4,422.2,30.56K,0.07%
9/19/2017,423.85,423.35,425.55,421.6,29.43K,0.27%
9/18/2017,422.7,421.9,425.2,420.5,34.19K,0.62%
9/15/2017,420.1,421.2,422.75,417.6,42.22K,-0.31%
9/14/2017,421.4,423.95,425.6,417.8,48.87K,-0.66%
9/13/2017,424.2,430.55,430.55,421.95,44.02K,-1.54%
9/12/2017,430.85,434,434.9,428.7,35.42K,-0.99%
9/11/2017,435.15,432.55,436.55,431.8,29.81K,0.94%
9/8/2017,431.1,445.85,446.6,430.15,60.11K,-3.35%
9/7/2017,446.05,447.2,447.3,441.5,40.55K,-0.38%
9/6/2017,447.75,446.25,448.75,444.5,36.40K,0.62%
9/5/2017,445,449.1,451.35,442.8,36.94K,-0.73%
9/4/2017,448.25,443.1,448.5,442.3,26.57K,1.43%
9/1/2017,441.95,440.45,442.25,438.05,29.41K,1.71%
8/31/2017,434.5,435,438.4,433.2,27.21K,0.45%
8/30/2017,432.55,434.3,435.8,431.55,35.48K,-0.33%
8/29/2017,434,432.45,436.25,430.85,36.30K,0.70%
8/28/2017,431,429.25,434.9,429.2,32.77K,0.81%
8/25/2017,427.55,427.65,430.95,425.55,25.07K,-0.23%
8/24/2017,428.55,422.85,430.15,422.25,42.24K,1.66%
8/23/2017,421.55,421.25,422.8,419.1,34.13K,-0.12%
8/22/2017,422.05,421.3,426.4,420.3,39.97K,0.04%
8/21/2017,421.9,416.7,424.6,416.7,45.87K,1.58%
8/18/2017,415.35,414.7,418.85,413.55,34.20K,-0.07%
8/17/2017,415.65,420.05,420.85,414.7,31.31K,-0.80%
8/16/2017,419,410.85,422.1,409.5,46.38K,1.93%
8/14/2017,411.05,412,412,409,23.77K,-0.29%
8/11/2017,412.25,409.25,413,407.25,33.30K,0.18%
8/10/2017,411.5,414,414.95,409.85,32.93K,-0.51%
8/9/2017,413.6,414.65,416.95,411.95,37.58K,-0.11%
8/8/2017,414.05,408.2,414.7,407.65,37.11K,0.85%
8/7/2017,410.55,405.75,412.4,405.05,34.34K,0.95%
8/4/2017,406.7,405.6,408.25,403.7,33.73K,0.27%
8/3/2017,405.6,406.2,407.1,402.45,32.83K,-0.01%
8/2/2017,405.65,407.1,407.3,404.15,27.96K,-0.55%
8/1/2017,407.9,411,411,406.1,34.00K,-0.67%
7/31/2017,410.65,409.5,413.85,408.1,35.12K,0.43%
7/28/2017,408.9,407.05,409.5,403.5,35.70K,0.22%
7/27/2017,408,409.15,411.2,407,32.13K,-0.02%
7/26/2017,408.1,407,414.25,405.45,57.82K,0.52%
7/25/2017,406,391.8,406.95,391.8,64.60K,3.94%
7/24/2017,390.6,389.15,390.85,387.65,24.87K,0.41%
7/21/2017,389,387.45,391.8,387.25,33.77K,0.45%
7/20/2017,387.25,387.35,388.4,384.95,24.05K,0.26%
7/19/2017,386.25,388.35,390,385.4,26.73K,-0.71%
7/18/2017,389,389.05,389.65,386.65,25.02K,-0.08%
7/17/2017,389.3,385.95,390.45,385,35.56K,1.47%
7/14/2017,383.65,381.3,384.3,380.5,26.73K,0.74%
7/13/2017,380.85,384.05,385.25,380.5,27.96K,-0.63%
7/12/2017,383.25,384,385.75,382.65,28.83K,0.17%
7/11/2017,382.6,378.8,383.2,378.4,30.46K,0.88%
7/10/2017,379.25,380.45,380.85,376.4,24.32K,-0.22%
7/7/2017,380.1,382.2,383.35,378.8,28.68K,-0.58%
7/6/2017,382.3,382.2,383.9,381.1,27.29K,-0.01%
7/5/2017,382.35,385.95,386.3,381.05,34.19K,-0.88%
7/4/2017,385.75,387.5,387.5,383.8,25.45K,-0.52%
7/3/2017,387.75,389.25,390,386,31.34K,0.65%
6/30/2017,385.25,381.3,385.9,381.3,25.33K,0.36%
6/29/2017,383.85,380,384.8,380,33.74K,1.33%
6/28/2017,378.8,377.65,379.2,375.9,36.41K,0.57%
6/27/2017,376.65,373,378.1,372.35,29.94K,0.90%
6/26/2017,373.3,375,375,371.95,12.24K,-0.13%
6/23/2017,373.8,370.25,377.4,369.55,45.27K,0.86%
6/22/2017,370.6,370,372.7,366.65,41.67K,0.11%
6/21/2017,370.2,365,372.1,362.8,44.14K,1.37%
6/20/2017,365.2,368.6,369.15,363.7,32.67K,-1.00%
6/19/2017,368.9,366.1,369.95,365.5,25.65K,0.94%
6/16/2017,365.45,367.1,368,364.3,24.86K,-0.44%
6/15/2017,367.05,364.6,367.35,364.2,28.80K,0.87%
6/14/2017,363.9,369.3,370.55,363.2,35.89K,-1.56%
6/13/2017,369.65,372.95,373.65,367.35,34.70K,-0.88%
6/12/2017,372.95,376,376.2,372.3,31.06K,-1.11%
6/9/2017,377.15,369.4,377.4,369.4,43.91K,1.70%
6/8/2017,370.85,362.5,371.05,362.5,53.76K,1.92%
6/7/2017,363.85,364.5,364.5,361.15,34.91K,0.17%
6/6/2017,363.25,364.4,365.4,358.85,49.17K,-0.44%
6/5/2017,364.85,365.6,366.1,361.8,27.31K,-0.60%
6/2/2017,367.05,367.25,367.7,360.65,50.43K,-0.46%
6/1/2017,368.75,367.9,369.9,365.8,31.66K,0.00%
5/31/2017,368.75,368,369.6,365.1,29.01K,0.44%
5/30/2017,367.15,367.5,367.85,363.85,29.12K,-0.12%
5/29/2017,367.6,367,370.8,365,13.82K,0.05%
5/26/2017,367.4,371.4,372.6,365.4,29.85K,-1.16%
5/25/2017,371.7,369.95,374.45,368.1,33.33K,0.05%
5/24/2017,371.5,371.8,372.7,367.65,35.09K,-0.56%
5/23/2017,373.6,371,373.8,369.25,26.07K,0.57%
5/22/2017,371.5,368.05,371.7,367.75,22.79K,0.53%
5/19/2017,369.55,364.7,370.2,364.45,34.93K,1.37%
5/18/2017,364.55,361,365.7,356.8,45.08K,0.39%
5/17/2017,363.15,363,364,360.1,26.43K,0.19%
5/16/2017,362.45,360.3,363,359,24.83K,0.25%
5/15/2017,361.55,360.45,363.8,360.45,24.55K,0.49%
5/12/2017,359.8,359.05,360.9,358,20.69K,0.26%
5/11/2017,358.85,358.65,365,358,34.75K,0.24%
5/10/2017,358,359.5,360.4,356.6,20.07K,-0.31%
5/9/2017,359.1,356,361.4,355.6,22.43K,0.69%
5/8/2017,356.65,358.1,358.9,353.85,25.59K,-1.33%
5/5/2017,361.45,358.2,361.9,357.75,27.63K,0.81%
5/4/2017,358.55,362.2,363,355.8,36.84K,-1.02%
5/3/2017,362.25,374.65,374.65,361.95,44.87K,-3.68%
5/2/2017,376.1,378.8,378.8,374.3,21.47K,-1.17%
5/1/2017,380.55,372,385,371.6,26.81K,3.57%
4/28/2017,367.45,366.2,368.5,365.5,30.35K,0.57%
4/27/2017,365.35,365.95,366.15,361.6,32.83K,-0.40%
4/26/2017,366.8,365.55,367.2,363.8,26.70K,0.14%
4/25/2017,366.3,364.75,367.3,363.75,30.27K,0.69%
4/24/2017,363.8,364.05,364.75,361.05,26.42K,0.22%
4/21/2017,363,363.65,366,360.7,34.68K,-0.32%
4/20/2017,364.15,359.85,364.75,357.75,44.11K,0.80%
4/19/2017,361.25,363.4,365.4,356.8,49.58K,0.01%
4/18/2017,361.2,369.8,369.8,359.3,47.26K,-2.42%
4/17/2017,370.15,367.45,371.95,366.45,26.53K,1.08%
4/13/2017,366.2,365.4,368.2,364.6,34.32K,0.67%
4/12/2017,363.75,371.55,372.4,363,52.77K,-2.55%
4/11/2017,373.25,373.55,374.6,369.55,39.14K,0.19%
4/10/2017,372.55,374.3,375.9,371.45,29.47K,-0.93%
4/7/2017,376.05,379,379.4,370.6,46.49K,-1.21%
4/6/2017,380.65,384.05,385.4,378.8,39.72K,-1.42%
4/5/2017,386.15,378,387,378,45.90K,2.52%
4/4/2017,376.65,375,377.25,375,17.05K,0.53%
4/3/2017,374.65,380.8,382.45,374.4,37.41K,-1.60%
3/31/2017,380.75,383.1,384.5,378.3,38.58K,-0.79%
3/30/2017,383.8,383.8,388.9,381.4,42.09K,-0.07%
3/29/2017,384.05,383.65,385.95,382.2,32.34K,-0.29%
3/28/2017,385.15,378,385.6,377.35,35.53K,1.64%
3/27/2017,378.95,378.9,380.7,370.15,40.76K,-0.47%
3/24/2017,380.75,382,383.45,379,25.69K,-0.81%
3/23/2017,383.85,382.2,384.4,379.4,30.07K,0.51%
3/22/2017,381.9,378.05,383,376.3,33.80K,0.73%
3/21/2017,379.15,384.95,384.95,378.05,35.56K,-1.61%
3/20/2017,385.35,389.55,390.6,383.95,29.74K,-1.38%
3/17/2017,390.75,388.1,391.05,385.9,31.16K,0.77%
3/16/2017,387.75,387.5,391.15,387,30.22K,0.25%
3/15/2017,386.8,384.45,388.8,383.15,29.40K,0.34%
3/14/2017,385.5,386.6,387.1,379.5,37.07K,0.01%
3/13/2017,385.45,386,387.25,384.8,10.31K,0.69%
3/10/2017,382.8,381.3,385.95,380.75,36.16K,0.29%
3/9/2017,381.7,385,385,378.75,36.39K,-0.95%
3/8/2017,385.35,387.3,389.95,384.95,34.69K,-0.37%
3/7/2017,386.8,392.2,392.5,385.3,37.58K,-1.29%
3/6/2017,391.85,397.25,397.95,390.75,33.35K,-1.67%
3/3/2017,398.5,397,399.4,396.05,27.29K,0.11%
3/2/2017,398.05,403.7,404.45,396.8,32.77K,-1.46%
3/1/2017,403.95,401.2,409.25,401.2,40.45K,1.53%
2/28/2017,397.85,395.4,399.1,393,18.31K,0.65%
2/27/2017,395.3,393.65,395.8,390.5,34.54K,0.33%
2/24/2017,394,390.5,395.7,389.35,19.02K,1.34%
2/23/2017,388.8,402.1,402.15,388.25,46.78K,-3.68%
2/22/2017,403.65,403.2,404.6,400.25,32.27K,-0.39%
2/21/2017,405.25,404.7,406.75,403.25,33.08K,0.05%
2/20/2017,405.05,401.75,407.45,400.7,36.26K,1.21%
2/17/2017,400.2,402.2,402.55,396.3,37.83K,-0.46%
2/16/2017,402.05,405.3,407.5,398.1,47.45K,-0.56%
2/15/2017,404.3,405,406.6,401.25,37.71K,0.00%
2/14/2017,404.3,411.65,414.65,400.75,54.13K,-1.73%
2/13/2017,411.4,409.9,414.75,409.55,39.27K,0.80%
2/10/2017,408.15,392,408.7,390.9,78.61K,4.49%
2/9/2017,390.6,395,395.2,388.6,36.18K,-0.98%
2/8/2017,394.45,392,399.25,392,36.37K,0.83%
2/7/2017,391.2,392.3,394.55,390.3,30.45K,-0.53%
2/6/2017,393.3,390.3,393.8,388.95,30.19K,1.43%
2/3/2017,387.75,396,396,387,38.98K,-2.51%
2/2/2017,397.75,404.3,405.1,395.3,36.48K,-1.36%
2/1/2017,403.25,406.1,408.3,402.65,27.50K,-0.70%
1/31/2017,406.1,400,407,398.3,40.04K,2.04%
1/30/2017,398,402.45,404.95,394.6,36.32K,-1.58%
1/27/2017,404.4,405,405,399.85,32.77K,-0.63%
1/25/2017,406.95,407,409.45,403.6,43.13K,-0.17%
1/24/2017,407.65,399,408,397.55,44.53K,2.36%
1/23/2017,398.25,397.7,399.75,394.75,24.61K,0.89%
1/20/2017,394.75,393.85,397.5,389.75,35.53K,0.48%
1/19/2017,392.85,395.4,396.9,389.2,33.06K,-0.28%
1/18/2017,393.95,393.9,395.75,392.35,27.71K,-0.06%
1/17/2017,394.2,398,398.9,391.4,37.42K,-1.46%
1/16/2017,400.05,401.65,405.9,399.6,24.60K,-1.28%
1/13/2017,405.25,401.1,405.65,398.25,36.28K,0.83%
1/12/2017,401.9,392.15,402.5,391.85,55.26K,2.20%
1/11/2017,393.25,395.7,397.15,392.35,36.83K,-0.48%
1/10/2017,395.15,384.5,396.7,384.4,48.90K,3.19%
1/9/2017,382.95,384.05,384.7,380.1,32.05K,-0.16%
1/6/2017,383.55,378.6,384,378.4,31.43K,0.81%
1/5/2017,380.45,384.2,388,379.5,36.07K,-0.94%
1/4/2017,384.05,377.15,385.5,376.9,35.32K,1.98%
1/3/2017,376.6,379.7,384.15,376.1,39.47K,-0.45%
1/2/2017,378.3,380,380,376.05,4.44K,0.40%
12/30/2016,376.8,375.5,378.6,375.2,22.65K,0.64%
12/29/2016,374.4,378.1,380.5,373.9,24.42K,-1.02%
12/28/2016,378.25,380.1,382.3,375.5,40.41K,-0.20%
12/27/2016,379,369.8,380.9,369.8,28.89K,2.46%
12/26/2016,369.9,370.65,370.9,365,8.39K,-0.80%
12/23/2016,372.9,375,377.6,372.5,28.27K,-0.97%
12/22/2016,376.55,375.3,377.2,370.25,35.96K,0.33%
12/21/2016,375.3,377.4,378.5,374.85,24.73K,-0.46%
12/20/2016,377.05,375.2,378.3,373.4,30.63K,0.37%
12/19/2016,375.65,383,383.3,372.45,42.84K,-2.48%
12/16/2016,385.2,390.7,392.1,384,31.30K,-1.65%
12/15/2016,391.65,391.5,394.6,387.1,39.09K,0.53%
12/14/2016,389.6,387.45,391.45,384.8,39.71K,0.18%
12/13/2016,388.9,390.55,393.65,384.4,41.65K,-0.61%
12/12/2016,391.3,392.7,394.2,390.85,20.92K,-1.26%
12/9/2016,396.3,395,398.4,393.5,37.54K,0.97%
12/8/2016,392.5,396.05,398.4,390.75,45.48K,-0.77%
12/7/2016,395.55,401.05,406.85,393.1,49.86K,-1.36%
12/6/2016,401,405.45,405.45,398.4,39.91K,-1.40%
12/5/2016,406.7,399.7,409.85,399.1,38.32K,2.52%
12/2/2016,396.7,397.9,398.3,393.4,38.66K,-0.73%
12/1/2016,399.6,400.25,404.4,396.5,47.55K,0.96%
11/30/2016,395.8,388.1,399.25,384.4,44.81K,0.84%
11/29/2016,392.5,397.4,397.95,389.1,60.48K,-2.03%
11/28/2016,400.65,405.4,414.8,399.5,71.91K,-0.77%
11/25/2016,403.75,401.6,404.6,398.25,54.24K,0.32%
11/24/2016,402.45,397,408.5,397,66.76K,1.67%
11/23/2016,395.85,383.6,397.7,381.5,58.54K,3.30%
11/22/2016,383.2,380.8,386.85,379.9,39.49K,1.26%
11/21/2016,378.45,372.4,380.9,372.4,39.86K,1.98%
11/18/2016,371.1,369.9,374.35,367.7,47.05K,-0.43%
11/17/2016,372.7,367.85,374.8,365.6,43.74K,0.72%
11/16/2016,370.05,372.4,376.8,366.8,50.46K,-1.23%
11/15/2016,374.65,377.45,379.05,363.2,68.43K,-0.96%
11/14/2016,378.3,377.4,383.3,375.65,33.97K,0.97%
11/11/2016,374.65,377.9,405.2,372.35,165.99K,-0.53%
11/10/2016,376.65,367.2,379.6,367.2,72.19K,4.41%
11/9/2016,360.75,345.4,361.1,343.2,81.44K,3.43%
11/8/2016,348.8,342,349.25,337.6,59.57K,2.24%
11/7/2016,341.15,335,341.4,334.95,42.92K,1.99%
11/4/2016,334.5,331,335.25,330.7,25.00K,0.78%
11/3/2016,331.9,328.2,332.5,327.85,31.36K,1.08%
11/2/2016,328.35,328.7,329.75,326.55,29.87K,-0.30%
11/1/2016,329.35,327.9,329.9,325.3,31.57K,1.17%
10/31/2016,325.55,324.8,327,324.15,14.54K,0.23%
10/30/2016,324.8,325.9,325.9,324.5,1.11K,-0.05%
10/28/2016,324.95,320.8,325.15,320.75,31.76K,1.21%
10/27/2016,321.05,317.05,321.4,316.3,34.23K,0.85%
10/26/2016,318.35,315.9,318.8,315.4,23.44K,0.35%
10/25/2016,317.25,312,318.4,312,40.78K,1.94%
10/24/2016,311.2,311.85,312.9,310.2,28.20K,0.08%
10/21/2016,310.95,312.05,312.35,310.3,23.96K,-0.14%
10/20/2016,311.4,312.7,313.35,310.1,23.62K,-0.21%
10/19/2016,312.05,312.1,313,309.9,31.13K,-0.14%
10/18/2016,312.5,313.9,315.15,312.35,25.12K,-0.27%
10/17/2016,313.35,313.1,315.6,312.9,22.02K,0.10%
10/14/2016,313.05,316.5,317.2,312.7,27.77K,-0.87%
10/13/2016,315.8,323.1,323.1,315.35,45.38K,-2.53%
10/12/2016,324,325.6,326.4,323.8,12.11K,-0.29%
10/11/2016,324.95,324.6,325.7,322.75,14.99K,-0.02%
10/10/2016,325,322,326.15,321.4,29.31K,1.07%
10/7/2016,321.55,319.55,323.5,319.55,30.05K,0.44%
10/6/2016,320.15,322.1,322.1,319.2,27.80K,-0.57%
10/5/2016,322,322.95,323.4,320.6,24.89K,-0.06%
10/4/2016,322.2,324.1,325.2,321.55,28.98K,-0.79%
10/3/2016,324.75,328.35,328.8,322.1,36.59K,-1.16%
9/30/2016,328.55,325.2,329.3,324.15,31.56K,0.78%
9/29/2016,326,325,328.7,325,30.40K,0.48%
9/28/2016,324.45,322.35,324.95,321.95,24.13K,0.62%
9/27/2016,322.45,325.75,325.8,321.2,36.25K,-1.30%
9/26/2016,326.7,327,327.5,324.85,24.52K,-0.34%
9/23/2016,327.8,326.25,328.4,325.6,32.43K,0.32%
9/22/2016,326.75,323.4,327.3,323.4,29.49K,1.26%
9/21/2016,322.7,324,324.4,322.25,23.46K,-0.51%
9/20/2016,324.35,322.65,325.2,322.15,27.25K,0.48%
9/19/2016,322.8,322.9,323.4,321.2,27.20K,-0.39%
9/16/2016,324.05,323.2,324.8,322.15,24.74K,0.23%
9/15/2016,323.3,323,324.55,321.65,30.92K,0.23%
9/14/2016,322.55,316.7,323,315.9,47.73K,2.01%
9/13/2016,316.2,315.8,316.9,314.4,21.31K,0.59%
9/12/2016,314.35,313,315.5,310.35,44.64K,0.22%
9/9/2016,313.65,313.9,314.6,312.05,33.86K,-0.11%
9/8/2016,314,313,314.15,311.05,33.25K,0.48%
9/7/2016,312.5,313,314.45,311,35.22K,0.47%
9/6/2016,311.05,311.5,313.1,309.85,36.86K,0.00%
9/5/2016,311.05,310.5,311.4,309.5,10.22K,0.11%
9/2/2016,310.7,313.1,314,310.6,31.99K,-0.45%
9/1/2016,312.1,314.2,315.4,311.7,32.87K,2.13%
8/31/2016,305.6,307.5,307.9,305.2,36.70K,-0.47%
8/30/2016,307.05,309.4,309.5,306.3,38.41K,-0.42%
8/29/2016,308.35,308.4,309.35,307.8,18.05K,0.13%
8/26/2016,307.95,308.95,310.35,306.65,39.49K,0.06%
8/25/2016,307.75,309.25,309.9,307.3,33.00K,-0.29%
8/24/2016,308.65,314,314.35,308.1,40.88K,-1.64%
8/23/2016,313.8,318.4,318.65,313.3,46.09K,-1.44%
8/22/2016,318.4,321,321.1,316.6,43.40K,-1.16%
8/19/2016,322.15,320.55,322.5,319.75,30.90K,0.47%
8/18/2016,320.65,320,323.5,319.85,40.01K,0.52%
8/17/2016,319,320.8,321.2,317.9,30.23K,-0.68%
8/16/2016,321.2,318,321.9,317.45,43.10K,1.29%
8/12/2016,317.1,323,323.35,316.7,46.32K,-2.04%
8/11/2016,323.7,322.8,324.05,321.2,32.09K,0.64%
8/10/2016,321.65,318.6,325.1,318.3,56.01K,1.10%
8/9/2016,318.15,320,320.4,317.6,35.85K,-0.78%
8/8/2016,320.65,321.8,322.85,320.35,31.96K,0.28%
8/5/2016,319.75,322.7,323.2,318.9,37.88K,-0.78%
8/4/2016,322.25,325.2,325.2,319.6,45.29K,-1.00%
8/3/2016,325.5,326.7,327.7,322.6,43.52K,-0.35%
8/2/2016,326.65,326.5,331.4,326.2,46.36K,0.29%
8/1/2016,325.7,329.65,332.7,325.5,39.57K,-1.21%
7/29/2016,329.7,328.9,331.65,326,39.57K,0.14%
7/28/2016,329.25,327.1,330.9,327.1,36.33K,0.97%
7/27/2016,326.1,332.3,332.7,325.85,51.34K,-2.06%
7/26/2016,332.95,331.85,334,329.3,41.12K,-0.25%
7/25/2016,333.8,334.3,335.5,331.3,32.52K,0.07%
7/22/2016,333.55,336.5,338.4,332.6,50.83K,-1.17%
7/21/2016,337.5,337.4,339.25,335.6,45.24K,0.33%
7/20/2016,336.4,337.2,337.2,332.4,48.82K,-0.47%
7/19/2016,338,333.9,338.4,332.15,47.94K,1.06%
7/18/2016,334.45,332.9,335.3,329.6,47.18K,0.13%
7/15/2016,334,334.05,338.35,333.2,44.14K,0.15%
7/14/2016,333.5,334.2,336.05,332.7,33.35K,-0.24%
7/13/2016,334.3,333,339.9,332.75,50.97K,1.21%
7/12/2016,330.3,322.1,333.7,321.55,57.42K,2.75%
7/11/2016,321.45,319.8,324.1,319.8,37.43K,1.15%
7/8/2016,317.8,319.5,321.4,317.25,40.82K,-0.39%
7/7/2016,319.05,323.9,325.2,318.6,45.25K,-1.63%
7/6/2016,324.35,327.4,327.4,322.1,30.97K,-1.20%
7/5/2016,328.3,331.1,332.25,325.8,56.79K,-1.29%
7/4/2016,332.6,333.85,337.1,331.75,45.29K,-0.17%
7/1/2016,333.15,330.7,335.35,326.05,56.53K,1.88%
6/30/2016,327,326.25,327.8,324.2,29.58K,0.49%
6/29/2016,325.4,324.05,325.95,322.25,33.91K,0.12%
6/28/2016,325,319.9,326.7,319.9,51.64K,2.23%
6/27/2016,317.9,316.6,320.35,316.3,44.57K,0.19%
6/24/2016,317.3,319.1,319.1,313.15,65.47K,-1.28%
6/23/2016,321.4,317.2,322.3,316.5,52.51K,1.21%
6/22/2016,317.55,317.1,319.5,315.7,43.13K,-0.03%
6/21/2016,317.65,311.15,317.95,309.4,68.05K,1.60%
6/20/2016,312.65,306.1,313.1,306.1,58.40K,2.51%
6/17/2016,305,306.05,308.3,303.85,48.51K,-0.11%
6/16/2016,305.35,310,310,303.5,58.37K,-1.75%
6/15/2016,310.8,305,314.5,305,79.61K,1.95%
6/14/2016,304.85,305.95,305.95,303.05,36.77K,-0.28%
6/13/2016,305.7,303.4,306.8,302.55,54.27K,1.44%
6/10/2016,301.35,302,302.55,299.15,40.82K,-0.12%
6/9/2016,301.7,305.3,307.8,298.05,70.55K,-0.81%
6/8/2016,304.15,304.75,307,303.4,54.27K,0.26%
6/7/2016,303.35,313.1,313.65,302.75,77.94K,-3.27%
6/6/2016,313.6,315.1,318,313.25,38.61K,0.00%
6/3/2016,313.6,309.85,317.45,309.35,57.74K,1.49%
6/2/2016,309,309.2,310.2,308.05,37.24K,-0.47%
6/1/2016,310.45,312.25,312.25,307.8,41.97K,-0.66%
5/31/2016,312.5,312.6,315.4,312.3,43.54K,0.00%
5/30/2016,312.5,313.55,314.35,312.1,15.24K,-0.57%
5/27/2016,314.3,314.2,316.5,313.55,35.53K,0.38%
5/26/2016,313.1,315.6,317.1,312.6,39.72K,-0.62%
5/25/2016,315.05,312.2,315.8,311.55,38.82K,1.16%
5/24/2016,311.45,309.45,314.4,309.15,47.15K,0.68%
5/23/2016,309.35,309.35,310.4,306.7,39.56K,0.31%
5/20/2016,308.4,310.95,313.65,308.15,42.88K,-0.74%
5/19/2016,310.7,310.35,311.5,307.2,43.92K,-0.13%
5/18/2016,311.1,310,311.55,306.05,47.58K,-0.06%
5/17/2016,311.3,312.35,314,308.6,43.15K,-0.11%
5/16/2016,311.65,310.05,313.55,309.15,36.28K,0.58%
5/13/2016,309.85,308.75,311.35,308,39.31K,0.45%
5/12/2016,308.45,313.25,317.5,307.1,58.17K,-1.28%
5/11/2016,312.45,313,316.85,312.1,44.43K,0.18%
5/10/2016,311.9,314,315.8,311.3,37.63K,-0.40%
5/9/2016,313.15,319.5,319.5,312.8,37.55K,-2.19%
5/6/2016,320.15,319.6,322.4,318.05,41.68K,0.39%
5/5/2016,318.9,324.85,325.35,318.5,48.54K,-1.98%
5/4/2016,325.35,328.95,330,324.85,44.79K,-1.20%
5/3/2016,329.3,334.3,334.7,328.7,48.22K,-1.98%
5/2/2016,335.95,338,340.25,334.85,28.29K,0.52%
4/29/2016,334.2,327.6,336.1,327.6,30.71K,2.64%
4/28/2016,325.6,325.45,327.2,323.3,30.49K,-0.21%
4/27/2016,326.3,328,328.35,322.8,38.16K,-0.84%
4/26/2016,329.05,331,331,326.55,36.87K,-0.87%
4/25/2016,331.95,332.85,334.35,330.75,35.97K,-0.76%
4/22/2016,334.5,329.1,338.2,328.5,48.16K,1.19%
4/21/2016,330.55,328.25,334.45,325.9,62.65K,0.96%
4/20/2016,327.4,324.25,327.95,321.85,41.98K,0.55%
4/19/2016,325.6,317.7,325.85,315.05,40.32K,2.13%
4/18/2016,318.8,316.4,319.75,314.1,32.88K,0.52%
4/15/2016,317.15,318.5,318.5,314.85,19.84K,-0.92%
4/14/2016,320.1,317.85,320.6,314.4,18.92K,0.20%
4/13/2016,319.45,316,320.4,316,44.83K,1.36%
4/12/2016,315.15,308.1,315.95,307.75,57.23K,2.57%
4/11/2016,307.25,309,309.7,305.7,36.61K,-0.31%
4/8/2016,308.2,308.1,309,306.1,39.87K,0.47%
4/7/2016,306.75,316,316.9,305.95,60.86K,-2.97%
4/6/2016,316.15,316.5,317.6,315,33.23K,0.35%
4/5/2016,315.05,315,317.35,314.55,31.73K,0.25%
4/4/2016,314.25,318.45,318.7,313.6,34.31K,-1.35%
4/1/2016,318.55,321.05,324.2,317.7,41.07K,-0.84%
3/31/2016,321.25,321,322.95,318.6,40.74K,-0.22%
3/30/2016,321.95,325.25,325.4,321.45,38.42K,-1.39%
3/29/2016,326.5,331.5,331.5,325.55,39.07K,-1.69%
3/28/2016,332.1,331,333.9,329.7,27.24K,0.02%
3/24/2016,332.05,332,332.6,328.6,15.27K,-0.39%
3/23/2016,333.35,338.5,339.4,332.05,34.97K,-1.71%
3/22/2016,339.15,338,339.6,336.95,29.29K,-0.09%
3/21/2016,339.45,338,340.15,335.85,32.96K,0.56%
3/18/2016,337.55,339,343.85,336.3,46.91K,-0.31%
3/17/2016,338.6,335.1,340.9,335,55.52K,1.20%
3/16/2016,334.6,335,337.25,333.8,32.47K,-0.43%
3/15/2016,336.05,334,336.35,331.35,35.79K,0.30%
3/14/2016,335.05,335.5,338.9,333.4,36.82K,0.16%
3/11/2016,334.5,334,336.8,333.5,37.77K,0.48%
3/10/2016,332.9,335,335.6,330.75,37.68K,-0.51%
3/9/2016,334.6,332.55,337.05,332.35,37.47K,0.22%
3/8/2016,333.85,338,342.1,331.8,48.41K,-1.92%
3/7/2016,340.4,339.6,341.9,338,26.59K,0.35%
3/4/2016,339.2,331.75,343.4,331.75,67.62K,2.43%
3/3/2016,331.15,327.9,331.55,327.3,30.64K,0.87%
3/2/2016,328.3,325,328.75,325,37.44K,1.25%
3/1/2016,324.25,322,325.25,320.7,37.59K,0.81%
2/29/2016,321.65,319.5,322.05,317.55,22.91K,-0.02%
2/26/2016,321.7,316,326.45,316,58.99K,2.13%
2/25/2016,315,317,319.8,314,41.00K,-0.97%
2/24/2016,318.1,316.1,318.9,313.2,36.66K,-0.34%
2/23/2016,319.2,320.4,320.4,317,31.34K,-0.50%
2/22/2016,320.8,317.7,322.5,317.7,37.50K,1.50%
2/19/2016,316.05,314.9,318.05,314.05,39.88K,0.40%
2/18/2016,314.8,312.95,315.25,311,34.66K,0.35%
2/17/2016,313.7,310.4,314.6,309.95,34.16K,0.88%
2/16/2016,310.95,312.5,315,310,38.29K,0.23%
2/15/2016,310.25,308.2,314.4,308.2,35.33K,1.22%
2/12/2016,306.5,305.55,308.85,304.1,28.65K,0.57%
2/11/2016,304.75,302.2,308,301.7,39.04K,0.20%
2/10/2016,304.15,305.45,307.15,301,43.79K,-0.73%
2/9/2016,306.4,314.95,317.4,303.35,62.50K,-2.76%
2/8/2016,315.1,314.3,316.75,312.05,38.11K,-0.32%
2/5/2016,316.1,317.65,319.1,313.75,38.28K,-0.97%
2/4/2016,319.2,317.4,319.9,315.7,39.69K,1.11%
2/3/2016,315.7,310.95,316.9,310.35,38.84K,1.86%
2/2/2016,309.95,309.5,314.65,308.1,41.19K,-0.06%
2/1/2016,310.15,309.05,310.45,305.3,37.15K,-0.47%
1/29/2016,311.6,309.9,311.85,308.15,29.19K,0.48%
1/28/2016,310.1,311.45,312.3,308.35,35.84K,-0.69%
1/27/2016,312.25,301.55,313.6,301.55,55.36K,3.79%
1/25/2016,300.85,300.4,303.65,298.85,43.36K,-0.13%
1/22/2016,301.25,301,303.95,300.35,43.52K,-0.17%
1/21/2016,301.75,297.6,302.25,296.45,41.35K,1.48%
1/20/2016,297.35,298.6,299.5,296.25,38.95K,-0.47%
1/19/2016,298.75,297.85,302.85,297.85,47.70K,0.72%
1/18/2016,296.6,296.25,297.95,295.25,33.69K,0.66%
1/15/2016,294.65,296.5,296.8,293.2,37.06K,-0.87%
1/14/2016,297.25,292.9,299.55,292.9,44.23K,1.83%
1/13/2016,291.9,293.9,295.3,291.5,42.37K,-0.27%
1/12/2016,292.7,294.25,295.55,291.85,43.77K,-0.37%
1/11/2016,293.8,300.6,300.6,293.5,44.39K,-2.52%
1/8/2016,301.4,300.5,305.3,300.25,50.24K,0.20%
1/7/2016,300.8,309.2,309.2,296.45,85.32K,-3.31%
1/6/2016,311.1,311.5,312,309,39.14K,0.03%
1/5/2016,311,308.4,313.5,308.4,44.75K,0.39%
1/4/2016,309.8,315.7,315.7,308.05,48.69K,-2.06%
1/1/2016,316.3,315.5,317.45,313.7,6.24K,0.25%
12/31/2015,315.5,318.1,318.1,313.1,29.52K,-0.91%
12/30/2015,318.4,316.25,318.85,315.2,32.38K,0.55%
12/29/2015,316.65,309.4,318.35,309.4,42.28K,2.73%
12/28/2015,308.25,313.3,313.3,307.5,27.68K,-1.61%
12/24/2015,313.3,312.75,313.85,312,14.47K,-0.22%
12/23/2015,314,313.4,315.1,312,33.72K,0.38%
12/22/2015,312.8,315.8,316.1,312.25,27.48K,-1.43%
12/21/2015,317.35,312.15,317.6,312.15,39.29K,1.29%
12/18/2015,313.3,305.95,314.3,305.45,56.90K,2.87%
12/17/2015,304.55,308.75,308.75,302.75,45.76K,-1.77%
12/16/2015,310.05,309.45,312.55,307.85,40.80K,0.37%
12/15/2015,308.9,316.4,316.4,307.45,49.33K,-2.75%
12/14/2015,317.65,319.3,319.45,314.95,40.65K,-0.35%
12/11/2015,318.75,310.7,321.65,310.7,68.21K,2.69%
12/10/2015,310.4,310.6,311.4,308.4,29.27K,-0.18%
12/9/2015,310.95,310,314.3,309.4,48.85K,0.73%
12/8/2015,308.7,307.55,311.3,306.05,42.09K,0.52%
12/7/2015,307.1,311.4,313.15,306.55,34.34K,-1.65%
12/4/2015,312.25,308.65,314.6,308.15,48.02K,0.81%
12/3/2015,309.75,306.3,310.25,303.9,48.22K,1.13%
12/2/2015,306.3,310.05,310.65,305,47.85K,-1.30%
12/1/2015,310.35,309.5,311.9,308,48.87K,3.31%
11/30/2015,300.4,301.95,304.8,298.8,33.10K,-0.81%
11/27/2015,302.85,306,307.5,302.15,46.69K,-1.16%
11/26/2015,306.4,300.45,311.05,300.45,52.52K,2.08%
11/25/2015,300.15,299.6,302.85,297.3,24.33K,-0.68%
11/24/2015,302.2,296.6,303.25,295.65,54.55K,1.89%
11/23/2015,296.6,299.5,299.5,293.5,46.28K,-1.18%
11/20/2015,300.15,304.3,307.8,299.6,60.76K,-1.14%
11/19/2015,303.6,304.4,305.35,301.15,50.08K,-0.36%
11/18/2015,304.7,306.55,308.4,302.7,49.40K,-0.99%
11/17/2015,307.75,307.9,310.95,302.2,58.56K,-0.36%
11/16/2015,308.85,316.9,317.6,308.1,49.96K,-2.79%
11/13/2015,317.7,317.55,318.45,315.35,32.54K,-0.17%
11/12/2015,318.25,322.6,323,316.6,31.16K,-2.02%
11/11/2015,324.8,323.75,325.05,323.75,5.54K,-0.29%
11/10/2015,325.75,328.2,329.85,324.25,45.07K,-1.05%
11/9/2015,329.2,331,331.9,328.75,32.12K,0.12%
11/6/2015,328.8,330.5,331.65,327.65,52.25K,-0.39%
11/5/2015,330.1,338.05,338.4,329.25,62.43K,-2.24%
11/4/2015,337.65,340,342.65,337,45.69K,-0.57%
11/3/2015,339.6,337.9,340.35,336,43.46K,0.64%
11/2/2015,337.45,336,338,335.7,33.47K,0.27%
10/30/2015,336.55,338.2,338.3,335.4,36.59K,-0.21%
10/29/2015,337.25,340.8,341.55,337,40.18K,-1.23%
10/28/2015,341.45,341.15,342.35,336.25,54.16K,-0.18%
10/27/2015,342.05,340.6,343.65,340.3,35.74K,0.59%
10/26/2015,340.05,340.75,343.75,339.35,40.40K,-0.07%
10/23/2015,340.3,343.05,348.2,338.9,59.85K,-1.00%
10/22/2015,343.75,343.9,347.5,343.4,26.72K,0.50%
10/21/2015,342.05,341.45,342.65,338.6,47.36K,-0.13%
10/20/2015,342.5,340.85,344.25,339.85,38.67K,0.12%
10/19/2015,342.1,345.55,345.9,340.3,36.40K,-1.28%
10/16/2015,346.55,349,349.8,344.1,37.98K,-0.91%
10/15/2015,349.75,349.5,351.2,347.1,33.66K,0.16%
10/14/2015,349.2,347.75,349.45,344.85,34.38K,0.65%
10/13/2015,346.95,347,349.95,345.8,36.62K,-0.39%
10/12/2015,348.3,348.85,351.75,347.75,37.26K,0.16%
10/9/2015,347.75,340.85,352.1,340.85,76.99K,2.32%
10/8/2015,339.85,342.85,342.85,336.85,51.06K,-0.98%
10/7/2015,343.2,343.6,346.95,341.8,51.79K,-0.04%
10/6/2015,343.35,341.8,345.9,339.7,45.10K,0.12%
10/5/2015,342.95,343.1,345.6,339.7,47.30K,1.48%
10/1/2015,337.95,344.4,347.85,337.15,53.58K,-1.39%
9/30/2015,342.7,333.7,345.25,333.25,67.60K,2.91%
9/29/2015,333,332.7,335.6,329.75,47.30K,-0.30%
9/28/2015,334,338.4,339.4,330.6,46.96K,-1.12%
9/25/2015,337.8,341,342.9,337.4,23.04K,-1.04%
9/24/2015,341.35,341.1,343.7,337.2,46.31K,0.35%
9/23/2015,340.15,339.25,343.2,338.5,46.67K,0.18%
9/22/2015,339.55,350.5,350.7,337.9,67.76K,-3.30%
9/21/2015,351.15,350.25,354.65,349.9,38.06K,0.17%
9/18/2015,350.55,362.1,362.7,350.25,61.38K,-3.55%
9/17/2015,363.45,362.1,364.8,361.05,16.37K,0.00%
9/16/2015,363.45,360,364.45,358.8,44.07K,0.62%
9/15/2015,361.2,358,361.7,355.5,42.18K,1.01%
9/14/2015,357.6,363,363,357,46.24K,-1.80%
9/11/2015,364.15,365.2,366.2,361.2,39.88K,-0.18%
9/10/2015,364.8,362.15,368,362.1,45.83K,0.41%
9/9/2015,363.3,363,367.1,361.7,51.02K,0.21%
9/8/2015,362.55,351.1,364.25,348.4,71.99K,3.19%
9/7/2015,351.35,348,354.6,348,40.91K,1.11%
9/4/2015,347.5,351.5,353.4,345.8,47.11K,-1.45%
9/3/2015,352.6,347,358,347,51.02K,1.92%
9/2/2015,345.95,343.25,348.85,342.25,42.58K,0.79%
9/1/2015,343.25,348,348.5,343,38.47K,0.42%
8/31/2015,341.8,340.9,342.7,335.1,14.35K,-0.12%
8/28/2015,342.2,340.6,346,337.2,37.24K,0.69%
8/27/2015,339.85,330.7,341.45,330.7,67.02K,3.27%
8/26/2015,329.1,336.3,336.3,327.25,56.75K,-2.30%
8/25/2015,336.85,334.75,338.7,330.05,58.22K,0.70%
8/24/2015,334.5,335.05,337,327.1,71.69K,-0.96%
8/21/2015,337.75,335.7,338.7,330.9,50.50K,0.52%
8/20/2015,336,328.2,337.9,328.2,54.73K,2.33%
8/19/2015,328.35,330.1,331.45,326.1,52.13K,-0.77%
8/18/2015,330.9,336.35,336.75,328.4,54.76K,-1.66%
8/17/2015,336.5,338.2,338.2,334.1,36.99K,-0.62%
8/14/2015,338.6,339.3,340.95,336.2,36.87K,-0.34%
8/13/2015,339.75,337.4,342.1,334.7,48.79K,0.43%
8/12/2015,338.3,331.1,338.95,328.95,55.84K,1.77%
8/11/2015,332.4,338.3,338.8,329.55,59.50K,-1.93%
8/10/2015,338.95,329.55,340.65,328.65,55.68K,2.81%
8/7/2015,329.7,330,332.65,327.3,54.29K,-0.44%
8/6/2015,331.15,332.4,333.6,330.2,34.27K,-0.17%
8/5/2015,331.7,333,333.9,330.65,35.17K,-0.66%
8/4/2015,333.9,333.15,336.65,331.85,38.84K,0.10%
8/3/2015,333.55,335,335.85,330,50.20K,-0.55%
7/31/2015,335.4,338.5,340,335.15,42.59K,-1.05%
7/30/2015,338.95,342.2,342.4,336,40.69K,-0.79%
7/29/2015,341.65,342.3,343.95,339.7,40.05K,0.07%
7/28/2015,341.4,337,342.6,335.75,40.53K,1.56%
7/27/2015,336.15,339.85,339.95,334.15,42.24K,-1.20%
7/24/2015,340.25,338.3,341.8,334.3,52.72K,0.49%
7/23/2015,338.6,345.3,347.15,338.25,44.14K,-1.68%
7/22/2015,344.4,349.2,349.2,343.4,38.83K,-1.64%
7/21/2015,350.15,352.55,355.85,349.8,36.34K,-0.36%
7/20/2015,351.4,351.05,354.4,349,33.31K,-0.21%
7/17/2015,352.15,356.7,358,350.2,37.76K,-1.16%
7/16/2015,356.3,356.25,359.45,355.25,27.98K,-0.01%
7/15/2015,356.35,358.5,363.4,356,39.45K,-0.49%
7/14/2015,358.1,358.85,359.15,354.5,30.06K,-0.36%
7/13/2015,359.4,357.1,362.45,353.05,45.61K,0.20%
7/10/2015,358.7,360,360.9,356.5,32.37K,-0.26%
7/9/2015,359.65,355.6,365.8,355.05,57.57K,1.80%
7/8/2015,353.3,347.65,357.1,338.6,90.22K,1.45%
7/7/2015,348.25,357.2,358.2,338.8,89.52K,-2.53%
7/6/2015,357.3,368,368,355.9,58.16K,-3.43%
7/3/2015,370,372.35,374.6,369.4,22.30K,-0.63%
7/2/2015,372.35,374.25,375.25,371.9,24.74K,-0.43%
7/1/2015,373.95,371.95,376.65,370.35,37.88K,1.42%
6/30/2015,368.7,370.7,371.8,364.65,23.52K,-0.49%
6/29/2015,370.5,371.8,374.75,369,40.52K,-0.19%
6/26/2015,371.2,369.3,372.4,368,36.36K,0.79%
6/25/2015,368.3,369.5,369.5,364.25,33.80K,-0.12%
6/24/2015,368.75,367.35,371.9,365.35,38.88K,0.44%
6/23/2015,367.15,361.9,369.3,361.9,35.24K,1.90%
6/22/2015,360.3,360.95,362.55,359.3,25.79K,-0.03%
6/19/2015,360.4,366.9,368.7,359.15,35.43K,-1.70%
6/18/2015,366.65,372.2,373,366.45,35.80K,-1.01%
6/17/2015,370.4,371.65,373.8,369.25,32.37K,-0.28%
6/16/2015,371.45,375.9,377,371.25,27.69K,-1.07%
6/15/2015,375.45,378.75,378.85,372.9,28.97K,-1.38%
6/12/2015,380.7,378.75,380.95,377.2,24.29K,0.48%
6/11/2015,378.9,387.15,387.85,376.8,39.27K,-2.36%
6/10/2015,388.05,385.35,391.25,384.2,29.72K,0.77%
6/9/2015,385.1,384.2,387.7,381.9,28.23K,0.40%
6/8/2015,383.55,383.75,384.5,381.3,19.76K,0.26%
6/5/2015,382.55,380.8,384.75,378.45,28.54K,0.31%
6/4/2015,381.35,387.45,388.4,380.3,33.92K,-1.64%
6/3/2015,387.7,387.7,389.3,385.8,21.42K,0.14%
6/2/2015,387.15,385.2,388.45,385.05,22.00K,0.73%
6/1/2015,384.35,386.95,387.5,383.85,22.84K,-0.59%
5/29/2015,386.65,393.8,393.95,386,25.57K,-1.48%
5/28/2015,392.45,393.75,394.5,391.55,22.54K,-0.36%
5/27/2015,393.85,395.4,397,392.35,24.64K,-0.14%
5/26/2015,394.4,399.5,400.65,394.1,26.07K,-1.35%
5/25/2015,399.8,396.25,400.35,394.85,17.98K,0.83%
5/22/2015,396.5,402.6,403.6,394.65,24.39K,-1.58%
5/21/2015,402.85,402.25,404.35,401.25,21.43K,0.51%
5/20/2015,400.8,402.7,403.15,399.7,28.60K,-0.41%
5/19/2015,402.45,412.05,412.7,401.55,37.47K,-2.20%
5/18/2015,411.5,413.2,414.95,410.15,19.96K,-0.15%
5/15/2015,412.1,412.2,414.25,409.35,25.75K,0.15%
5/14/2015,411.5,416.05,416.95,411.1,25.22K,-1.33%
5/13/2015,417.05,418.7,420.7,414.4,27.91K,-0.55%
5/12/2015,419.35,415.2,421.4,414.8,36.67K,1.30%
5/11/2015,413.95,413.5,415.95,412,24.95K,-0.07%
5/8/2015,414.25,416.5,418.35,411.5,29.46K,-0.53%
5/7/2015,416.45,414.1,420.5,413,34.66K,0.36%
5/6/2015,414.95,415.15,418,411.55,38.44K,0.12%
5/5/2015,414.45,412.9,418.15,410.85,37.39K,0.17%
5/4/2015,413.75,414.3,415.2,412.9,13.68K,-0.62%
5/1/2015,416.35,411.25,416.8,410,22.36K,2.89%
4/30/2015,404.65,391.45,406.2,389.5,24.96K,3.60%
4/29/2015,390.6,385,391.35,383.4,25.72K,0.94%
4/28/2015,386.95,386.2,388.15,384.15,28.63K,-0.18%
4/27/2015,387.65,386.95,389.6,385.4,25.96K,0.66%
4/24/2015,385.1,376.3,387.4,376.3,43.47K,2.16%
4/23/2015,376.95,370.85,378,370.25,34.55K,1.34%
4/22/2015,371.95,374.45,376.55,371.25,30.03K,-0.69%
4/21/2015,374.55,381.25,381.6,373.85,40.58K,-1.67%
4/20/2015,380.9,386.1,387,379.2,35.07K,-0.81%
4/17/2015,384,382.5,386.8,381.55,38.13K,0.26%
4/16/2015,383,376.9,383.75,376.1,42.01K,2.00%
4/15/2015,375.5,372.45,375.9,368.8,33.59K,0.81%
4/14/2015,372.5,375,375,369.15,22.95K,-0.83%
4/13/2015,375.6,378.2,381.25,375.35,31.53K,-0.37%
4/10/2015,377,377.9,382.55,376.6,35.86K,0.19%
4/9/2015,376.3,376.05,380.3,374.85,29.67K,-0.23%
4/8/2015,377.15,380,382.4,375.9,35.59K,-0.91%
4/7/2015,380.6,375.5,383.15,375.5,40.65K,1.71%
4/6/2015,374.2,377.5,389.8,371.45,70.06K,-0.35%
4/2/2015,375.5,377.5,377.95,375.05,16.45K,-0.84%
4/1/2015,378.7,380,382.8,374.45,44.44K,0.07%
3/31/2015,378.45,384.1,385.05,378,40.50K,-1.66%
3/30/2015,384.85,384.45,387,383.25,33.11K,0.00%
3/27/2015,384.85,391.2,391.2,382.75,40.63K,-1.94%
3/26/2015,392.45,387.8,398.8,387.8,54.70K,1.37%
3/25/2015,387.15,386,387.7,383.95,38.11K,-0.15%
3/24/2015,387.75,385.05,389.85,384.6,49.24K,0.40%
3/23/2015,386.2,384.2,387.3,381.8,46.23K,1.03%
3/20/2015,382.25,370,384.8,367.8,70.86K,3.12%
3/19/2015,370.7,360.2,371.15,360.2,61.05K,3.46%
3/18/2015,358.3,367.15,367.25,357.3,56.02K,-2.89%
3/17/2015,368.95,372,372,365.2,41.19K,-1.17%
3/16/2015,373.3,375.75,375.75,372.1,31.61K,-0.48%
3/14/2015,375.1,375.1,375.1,375.1,-,-0.01%
3/13/2015,375.15,372.65,375.5,371.2,43.30K,1.06%
3/12/2015,371.2,364.35,373.35,364.25,54.64K,1.68%
3/11/2015,365.05,369.3,370.8,364.4,36.60K,-0.72%
3/10/2015,367.7,372.8,372.8,365.6,41.51K,-1.70%
3/9/2015,374.05,365.1,374.4,364.3,37.18K,2.20%
3/6/2015,366,368.5,369.2,365.4,17.69K,-0.88%
3/5/2015,369.25,370.85,372.35,368.6,32.40K,-0.27%
3/4/2015,370.25,367.5,371.6,365.4,35.91K,0.98%
3/3/2015,366.65,371.5,371.5,363.75,35.21K,-1.66%
3/2/2015,372.85,372.45,375.3,370.8,34.92K,0.32%
2/28/2015,371.65,369,372.2,369,5.73K,0.62%
2/27/2015,369.35,367,370.95,366.1,19.05K,0.14%
2/26/2015,368.85,364.9,371.7,364.55,42.51K,1.49%
2/25/2015,363.45,361.5,364.25,359.75,31.29K,0.29%
2/24/2015,362.4,354.45,366.85,354,56.12K,1.83%
2/23/2015,355.9,357.9,359.3,352.75,33.33K,-0.38%
2/21/2015,357.25,357.25,357.25,357.25,-,0.13%
2/20/2015,356.8,359.45,360.15,354.5,45.32K,-0.74%
2/19/2015,359.45,358,360.55,355.2,38.93K,-0.01%
2/18/2015,359.5,353.45,362.85,353,52.61K,1.47%
2/17/2015,354.3,359.25,359.25,350.85,30.29K,-1.61%
2/16/2015,360.1,356.7,360.8,356.1,30.64K,0.78%
2/13/2015,357.3,359,362.5,355.65,43.84K,-0.14%
2/12/2015,357.8,351,359.6,350.95,47.58K,1.85%
2/11/2015,351.3,351.15,355.95,350.5,41.77K,-0.11%
2/10/2015,351.7,354.1,354.7,348.05,46.52K,-1.03%
2/9/2015,355.35,353.4,356.7,352.5,33.89K,0.21%
2/6/2015,354.6,355.6,357.5,352,41.48K,-0.25%
2/5/2015,355.5,353.9,356.65,346.9,54.88K,0.15%
2/4/2015,354.95,353.3,356.7,350.25,52.59K,0.52%
2/3/2015,353.1,343,354.45,343,55.56K,3.58%
2/2/2015,340.9,343.05,345.5,340.15,43.94K,-0.57%
1/30/2015,342.85,336,343.8,334,51.44K,1.66%
1/29/2015,337.25,337.35,338.5,332.8,59.42K,-0.15%
1/28/2015,337.75,337,340.4,334.55,48.87K,0.52%
1/27/2015,336,343,345.6,334.15,51.17K,-1.38%
1/25/2015,340.7,340.7,340.7,340.7,-,-0.19%
1/23/2015,341.35,349.5,349.5,340.25,46.24K,-2.74%
1/22/2015,350.95,355.75,357.6,349.6,41.40K,-1.72%
1/21/2015,357.1,354.05,359.95,347.15,57.66K,0.35%
1/20/2015,355.85,354.5,358.7,351.55,46.24K,0.86%
1/19/2015,352.8,358,360.85,350.85,44.98K,-1.75%
1/17/2015,359.1,359.1,359.1,359.1,-,0.04%
1/16/2015,358.95,353.5,359.4,350.6,39.72K,1.92%
1/15/2015,352.2,347,356.75,347,61.73K,1.89%
1/14/2015,345.65,364.05,364.05,340.9,97.89K,-5.29%
1/13/2015,364.95,375.6,375.6,364.2,50.89K,-3.22%
1/12/2015,377.1,381.05,382.45,374.5,36.58K,-1.32%
1/9/2015,382.15,385.05,385.8,381.2,33.84K,-0.87%
1/8/2015,385.5,389.4,389.85,384.15,34.54K,-1.00%
1/7/2015,389.4,391.7,392.15,388.5,31.95K,-0.57%
1/6/2015,391.65,393.05,393.7,390.55,27.24K,0.01%
1/5/2015,391.6,398,398.25,389.2,37.07K,-1.62%
1/2/2015,398.05,400,401.8,395.8,30.33K,-0.38%
1/1/2015,399.55,399.75,400.5,397.55,5.45K,0.11%
12/31/2014,399.1,403.75,404.15,398.35,26.27K,-1.04%
12/30/2014,403.3,402.4,404.85,399.9,33.05K,0.54%
12/29/2014,401.15,401.45,403.95,399.35,30.19K,0.17%
12/26/2014,400.45,404.6,406.35,399.25,21.65K,-0.93%
12/24/2014,404.2,405.95,407.35,403.7,14.15K,-0.52%
12/23/2014,406.3,406.1,407.9,404.2,19.61K,-0.12%
12/22/2014,406.8,409.45,410.7,405.85,23.68K,-0.56%
12/19/2014,409.1,402.5,410.4,402.35,32.09K,1.78%
12/18/2014,401.95,406.25,407.4,401.25,35.68K,-1.28%
12/17/2014,407.15,408.15,409.9,403.05,34.70K,-0.39%
12/16/2014,408.75,408.9,412.3,405.7,41.64K,-0.29%
12/15/2014,409.95,410.5,414.9,409.3,28.82K,-0.16%
12/12/2014,410.6,409.15,411.5,406.7,24.56K,0.48%
12/11/2014,408.65,404.05,409.8,403.65,28.81K,1.33%
12/10/2014,403.3,405,405.7,402.3,22.75K,-0.76%
12/9/2014,406.4,399.25,408.85,397.85,42.31K,1.66%
12/8/2014,399.75,403.55,405.2,399.55,26.53K,-0.90%
12/5/2014,403.4,403.3,407,402.4,23.64K,-0.12%
12/4/2014,403.9,399.5,405.9,399.5,33.10K,1.32%
12/3/2014,398.65,399.9,400.8,397.3,25.70K,-0.52%
12/2/2014,400.75,400.85,402.35,396.1,30.72K,-0.69%
12/1/2014,403.55,396.1,404,390.4,43.89K,3.28%
11/28/2014,390.75,402.5,402.5,389.8,19.53K,-3.20%
11/27/2014,403.65,406.3,407.25,402.8,21.82K,-0.46%
11/26/2014,405.5,404.6,406.8,401.6,23.68K,0.38%
11/25/2014,403.95,411,413.3,403.4,35.94K,-1.52%
11/24/2014,410.2,413.4,415.25,409.65,21.44K,-0.64%
11/21/2014,412.85,413.2,418.2,410.85,37.34K,0.07%
11/20/2014,412.55,416,416.55,410.6,27.42K,-1.03%
11/19/2014,416.85,411,417.6,408.85,35.90K,1.86%
11/18/2014,409.25,414.65,415.3,408.8,27.98K,-1.40%
11/17/2014,415.05,415.9,416.8,412.95,21.15K,-0.12%
11/16/2014,415.55,415.55,415.55,415.55,-,-0.01%
11/14/2014,415.6,407.7,415.95,407,31.08K,2.09%
11/13/2014,407.1,411.2,415.2,406.25,29.39K,-0.96%
11/12/2014,411.05,412.85,413.95,410.3,20.69K,-0.41%
11/11/2014,412.75,411.25,413.1,407.6,25.27K,0.28%
11/10/2014,411.6,413.6,415.25,411.15,17.44K,-0.35%
11/7/2014,413.05,411.1,415.8,410.05,28.01K,0.56%
11/6/2014,410.75,407.5,411.4,407,11.62K,0.44%
11/5/2014,408.95,408.85,410.55,403.1,29.44K,-0.23%
11/4/2014,409.9,415.5,415.5,408.4,19.67K,-1.67%
11/3/2014,416.85,415,417.25,413,21.05K,0.52%
10/31/2014,414.7,416.7,420.7,413.9,25.74K,-0.53%
10/30/2014,416.9,420.7,420.7,413.5,24.38K,-1.11%
10/29/2014,421.6,419.15,422.55,418.5,21.10K,0.44%
10/28/2014,419.75,417.95,420.2,416.9,20.58K,0.72%
10/27/2014,416.75,411.6,417.85,411,25.58K,1.08%
10/24/2014,412.3,413.35,415.15,412.05,9.38K,-0.15%
10/23/2014,412.9,412.65,413.45,411.8,4.95K,0.66%
10/22/2014,410.2,410.35,413.8,409.6,23.75K,-0.17%
10/21/2014,410.9,407.05,412,405.1,26.44K,0.98%
10/20/2014,406.9,408.05,409.3,404.6,25.22K,-0.57%
10/17/2014,409.25,407.15,411.1,404.5,34.55K,0.06%
10/16/2014,409,420.45,420.45,406.8,45.20K,-2.98%
10/14/2014,421.55,413.2,423.35,413,37.16K,2.00%
10/13/2014,413.3,413.1,414.5,411.5,18.95K,-0.27%
10/10/2014,414.4,412.1,414.9,408.7,28.65K,0.35%
10/9/2014,412.95,412.5,415.5,411.5,21.83K,0.24%
10/8/2014,411.95,414.35,416.15,410.85,22.85K,-0.79%
10/7/2014,415.25,416.3,416.7,413.05,18.11K,-0.24%
10/6/2014,416.25,414.95,417.05,414.2,7.84K,0.68%
10/5/2014,413.45,413.45,413.45,413.45,-,0.00%
10/3/2014,413.45,417.5,417.5,411.75,13.98K,-1.08%
10/1/2014,417.95,415.1,419.2,413.7,26.76K,0.47%
9/30/2014,416,419.8,420.5,415.5,18.91K,-0.93%
9/29/2014,419.9,416.5,422,414.25,21.31K,0.89%
9/27/2014,416.2,416.2,416.2,416.2,-,-0.02%
9/26/2014,416.3,417.8,419.6,415.2,19.13K,-0.24%
9/25/2014,417.3,414.85,417.6,413.8,21.49K,0.37%
9/24/2014,415.75,414.65,417.9,412.2,26.38K,0.39%
9/23/2014,414.15,415.9,417,413.35,20.09K,-0.20%
9/22/2014,415,419.1,419.1,412.75,21.76K,-1.34%
9/19/2014,420.65,420.8,422.3,417.9,28.08K,0.02%
9/18/2014,420.55,427.05,427.95,420.3,26.50K,-1.75%
9/17/2014,428.05,429.6,429.85,426.7,18.07K,-0.62%
9/16/2014,430.7,422.75,434.9,421.35,35.12K,1.99%
9/15/2014,422.3,422.5,422.95,418.7,20.81K,-0.38%
9/13/2014,423.9,423.9,423.9,423.9,-,-0.04%
9/12/2014,424.05,422.05,424.25,419.25,21.91K,0.65%
9/11/2014,421.3,423.7,424.1,417.7,30.48K,-0.74%
9/10/2014,424.45,423,425.7,421.8,21.35K,0.41%
9/9/2014,422.7,429.35,429.35,421.25,25.72K,-1.59%
9/8/2014,429.55,426.95,432.7,426.7,23.64K,0.51%
9/5/2014,427.35,427.45,428.7,424.4,17.41K,0.05%
9/4/2014,427.15,425.45,427.75,424.1,16.15K,0.61%
9/3/2014,424.55,428.9,429.8,423.35,23.49K,-0.96%
9/2/2014,428.65,428.25,431.65,428.1,20.96K,0.29%
9/1/2014,427.4,429.65,429.75,426.05,12.69K,-0.51%
8/30/2014,429.6,429.6,429.6,429.6,-,2.80%
8/29/2014,417.9,419.05,420.4,417.7,7.36K,0.22%
8/28/2014,417,422.9,423.95,416.15,18.30K,-1.38%
8/27/2014,422.85,425,425.2,421.75,18.47K,-0.73%
8/26/2014,425.95,429,429.2,424.4,19.09K,-0.95%
8/25/2014,430.05,429,431.3,426.6,16.55K,0.60%
8/22/2014,427.5,425.95,428.4,425.95,19.40K,0.64%
8/21/2014,424.8,423.8,425.7,422.45,20.99K,-0.06%
8/20/2014,425.05,415.9,425.75,415.45,35.02K,2.45%
8/19/2014,414.9,417.6,419.25,414.45,17.91K,-0.71%
8/18/2014,417.85,417,420.3,416.3,20.22K,0.49%
8/14/2014,415.8,420.45,420.9,415.5,23.22K,-1.11%
8/13/2014,420.45,427,427,420.3,25.68K,-1.74%
8/12/2014,427.9,429.4,431.5,427.4,28.09K,-0.43%
8/11/2014,429.75,431,432.8,429.1,20.62K,-0.01%
8/10/2014,429.8,429.8,429.8,429.8,-,-0.02%
8/8/2014,429.9,432.4,432.8,429.1,20.89K,-0.42%
8/7/2014,431.7,430.95,433.2,429.25,27.95K,0.42%
8/6/2014,429.9,433.25,435.1,429.6,29.39K,-0.73%
8/5/2014,433.05,438.1,438.1,432.45,24.75K,-1.33%
8/4/2014,438.9,434.7,439.4,433.6,27.81K,0.84%
8/1/2014,435.25,436.5,439.4,434.3,28.97K,-0.19%
7/31/2014,436.1,433.9,437.7,431.6,25.58K,0.31%
7/30/2014,434.75,429.55,435.15,427.7,22.37K,1.18%
7/29/2014,429.7,431.95,431.95,429.3,11.27K,-0.58%
7/28/2014,432.2,431.35,433.4,430.75,17.70K,0.05%
7/27/2014,432,432,432,432,-,0.01%
7/25/2014,431.95,435.35,436.85,431.45,25.26K,-0.80%
7/24/2014,435.45,427.6,435.75,427.6,31.41K,1.94%
7/23/2014,427.15,428.1,429.45,426,20.56K,-0.42%
7/22/2014,428.95,429.2,432.6,428,22.61K,0.09%
7/21/2014,428.55,427,429.3,424.85,24.75K,0.59%
7/20/2014,426.05,426.05,426.05,426.05,-,-0.02%
7/18/2014,426.15,432,432,424.75,23.39K,-1.31%
7/17/2014,431.8,429.35,432.1,427.85,27.33K,0.49%
7/16/2014,429.7,435.25,435.5,428.7,24.14K,-1.21%
7/15/2014,434.95,433,435.5,432.3,22.36K,0.23%
7/14/2014,433.95,436,437.05,433.5,19.52K,-0.58%
7/13/2014,436.5,436.5,436.5,436.5,-,0.00%
7/12/2014,436.5,436.5,436.5,436.5,-,-0.01%
7/11/2014,436.55,437.15,437.55,433.7,22.52K,-0.23%
7/10/2014,437.55,431.65,437.8,430.5,28.70K,1.43%
7/9/2014,431.4,434,435.8,431.1,25.32K,-0.70%
7/8/2014,434.45,434.1,438.15,432.75,25.43K,-0.13%
7/7/2014,435,433.6,435.6,431.35,24.21K,-0.02%
7/4/2014,435.1,434.55,435.9,433.5,14.95K,0.12%
7/3/2014,434.6,432.1,435.3,431.5,26.77K,0.43%
7/2/2014,432.75,427.25,433.3,425.3,33.77K,1.18%
7/1/2014,427.7,429.85,430.5,427.3,18.93K,1.27%
6/30/2014,422.35,418.35,423.15,417.1,13.56K,1.08%
6/27/2014,417.85,420.3,421.85,417.6,22.79K,-0.59%
6/26/2014,420.35,420.5,422.15,418.65,26.88K,0.04%
6/25/2014,420.2,418.25,420.8,415.3,32.05K,0.39%
6/24/2014,418.55,417,419.5,416.05,19.96K,0.10%
6/23/2014,418.15,417,420.3,417,25.73K,0.65%
6/20/2014,415.45,409.9,416.4,409.9,33.67K,1.59%
6/19/2014,408.95,406.15,409.8,404.2,27.48K,0.38%
6/18/2014,407.4,407.95,410.4,405.85,29.61K,-0.33%
6/17/2014,408.75,407.6,409.25,404.8,31.63K,0.70%
6/16/2014,405.9,402,407.2,402,26.84K,1.26%
6/13/2014,400.85,396.5,402.2,396.5,26.75K,1.28%
6/12/2014,395.8,401,401.05,394.6,29.03K,-0.96%
6/11/2014,399.65,401.25,403.3,398.45,28.17K,-0.30%
6/10/2014,400.85,399.6,401.15,397.1,28.76K,0.40%
6/9/2014,399.25,396.55,399.85,394.55,32.93K,0.11%
6/6/2014,398.8,404,404.55,396.3,45.04K,-1.43%
6/5/2014,404.6,406.3,408.2,403.25,32.95K,-0.46%
6/4/2014,406.45,411.6,411.6,405.65,37.08K,-1.53%
6/3/2014,412.75,415,415.5,411.7,24.79K,-0.77%
6/2/2014,415.95,411.7,416.85,411.7,23.47K,1.25%
5/30/2014,410.8,410.1,413.8,409.7,26.39K,-0.04%
5/29/2014,410.95,414.9,414.9,410.15,25.33K,-0.96%
5/28/2014,414.95,416,417.6,414.55,21.63K,-0.05%
5/27/2014,415.15,416.6,416.75,413.5,26.20K,-0.63%
5/26/2014,417.8,411.6,418.8,411.6,23.52K,1.69%
5/23/2014,410.85,408.5,412,408.3,26.55K,0.83%
5/22/2014,407.45,408.8,409.9,405.45,34.91K,-0.09%
5/21/2014,407.8,410.4,411.5,405,32.83K,-0.56%
5/20/2014,410.1,412,414.45,407.65,29.11K,-0.47%
5/19/2014,412.05,412,413.8,410.6,18.45K,0.45%
5/16/2014,410.2,414.05,414.65,409.3,28.60K,-1.33%
5/15/2014,415.75,417.1,418.9,415.2,26.04K,-0.55%
5/14/2014,418.05,415.5,420.05,415.5,17.75K,0.82%
5/13/2014,414.65,417.5,420.15,414.3,26.97K,-0.75%
5/12/2014,417.8,411.9,420.1,411.9,31.85K,1.48%
5/9/2014,411.7,409.65,412.45,408.2,26.09K,0.56%
5/8/2014,409.4,406.4,410,405.15,26.13K,1.00%
5/7/2014,405.35,410,410.15,404.4,28.40K,-0.86%
5/6/2014,408.85,410.5,411.3,408.6,19.38K,-0.24%
5/5/2014,409.85,410.7,412.65,409.6,17.87K,-0.41%
5/2/2014,411.55,406,413.65,405.55,29.05K,1.13%
5/1/2014,406.95,407.9,408.5,405.6,13.09K,0.98%
4/30/2014,403,410.4,410.7,402.35,27.88K,-1.59%
4/29/2014,409.5,416.6,416.6,409.2,26.02K,-1.54%
4/28/2014,415.9,419.75,420.95,415.5,23.52K,-0.56%
4/27/2014,418.25,418.25,418.25,418.25,-,0.00%
4/25/2014,418.25,414.3,422.75,414.3,33.61K,1.12%
4/23/2014,413.6,410,413.95,409.05,36.09K,0.63%
4/22/2014,411,407,411.3,405.9,29.01K,0.71%
4/21/2014,408.1,407.45,408.65,405.6,17.77K,0.17%
4/17/2014,407.4,405.5,407.8,403.75,23.14K,0.67%
4/16/2014,404.7,399.75,408.8,397.85,43.61K,1.19%
4/15/2014,399.95,406.2,406.2,396.2,41.86K,-1.68%
4/14/2014,406.8,407.6,409.6,406.4,10.45K,-0.05%
4/11/2014,407,406.2,411.7,405.1,45.00K,0.14%
4/10/2014,406.45,403.7,406.9,403,28.88K,0.56%
4/9/2014,404.2,406.4,406.95,401.3,32.76K,-0.63%
4/8/2014,406.75,407.4,407.4,403.9,15.00K,-0.21%
4/7/2014,407.6,400.1,408.15,399.25,37.46K,1.67%
4/5/2014,400.9,400.9,400.9,400.9,-,-0.05%
4/4/2014,401.1,406.95,408.85,400.65,37.08K,-1.18%
4/3/2014,405.9,404.2,406.7,402.5,29.10K,0.30%
4/2/2014,404.7,404.2,408.85,403.8,36.01K,0.24%
4/1/2014,403.75,403.5,404.65,402.3,22.03K,-0.10%
3/31/2014,404.15,404.7,405.45,402.95,29.72K,-0.11%
3/28/2014,404.6,401.5,405.15,401.1,29.73K,0.83%
3/27/2014,401.25,397.9,402.75,397,36.08K,1.05%
3/26/2014,397.1,403,404.2,395.5,44.13K,-1.45%
3/25/2014,402.95,399,405.2,399,43.21K,1.14%
3/24/2014,398.4,399.2,401.6,396,42.32K,-0.47%
3/21/2014,400.3,399.05,405.45,398.1,48.87K,0.02%
3/20/2014,400.2,405.9,405.9,397.35,56.31K,-1.55%
3/19/2014,406.5,401.95,407.7,391.8,89.14K,1.11%
3/18/2014,402.05,403,405.65,400.85,37.06K,0.06%
3/17/2014,401.8,404.1,406.6,401.4,15.54K,-0.42%
3/14/2014,403.5,400.5,404.95,399.8,38.72K,0.98%
3/13/2014,399.6,402.1,404.4,399.15,49.15K,-0.77%
3/12/2014,402.7,401.9,406.35,397.35,66.81K,0.00%
3/11/2014,402.7,413,414.9,400.3,57.03K,-2.72%
3/10/2014,413.95,421.4,421.4,410.25,45.81K,-1.77%
3/7/2014,421.4,436.05,437.15,421.05,53.87K,-3.48%
3/6/2014,436.6,438.2,438.9,435.6,22.29K,-0.52%
3/5/2014,438.9,444,446,438.5,23.17K,-1.07%
3/4/2014,443.65,439.5,444.45,438.15,24.15K,0.89%
3/3/2014,439.75,439.1,440.25,436.8,18.60K,-0.72%
2/28/2014,442.95,444,445.15,440.9,16.53K,-0.03%
2/27/2014,443.1,445,446.45,442.55,7.45K,-0.34%
2/26/2014,444.6,444.7,448.5,444,24.90K,0.01%
2/25/2014,444.55,446.1,447.55,442.15,18.39K,-0.41%
2/24/2014,446.4,449.1,449.1,442.4,23.63K,-0.82%
2/21/2014,450.1,449.25,450.65,448,13.89K,0.08%
2/20/2014,449.75,451,451,447.8,19.11K,-0.37%
2/19/2014,451.4,451.4,453.2,450.05,19.32K,0.04%
2/18/2014,451.2,448.55,451.5,446.8,20.37K,0.80%
2/17/2014,447.6,447,450.65,447,18.77K,0.40%
2/14/2014,445.8,446.95,447.5,444.75,17.34K,-0.11%
2/13/2014,446.3,445.5,447.45,443.6,19.27K,0.10%
2/12/2014,445.85,442.5,446.25,442.5,22.83K,0.89%
2/11/2014,441.9,443.75,444.25,441.25,21.18K,-0.58%
2/10/2014,444.5,445.95,447.85,443.75,16.85K,-0.04%
2/7/2014,444.7,445.75,448,444.35,17.36K,0.10%
2/6/2014,444.25,442.65,446.9,442.05,25.33K,0.65%
2/5/2014,441.4,442.65,444.95,441.2,23.13K,0.06%
2/4/2014,441.15,443.35,444.85,440.7,21.97K,-0.56%
2/3/2014,443.65,444.4,446,442.8,19.20K,-0.29%
1/31/2014,444.95,446.15,448.5,444.2,23.02K,-0.47%
1/30/2014,447.05,451.25,453.85,446.35,30.85K,-1.28%
1/29/2014,452.85,452.15,454.2,449.45,26.17K,-0.03%
1/28/2014,453,459,459,452.5,26.16K,-1.43%
1/27/2014,459.55,455.7,460.75,454.65,25.46K,0.89%
1/24/2014,455.5,454.5,458.15,452.7,27.35K,0.37%
1/23/2014,453.8,457.2,458.4,451.9,32.08K,-0.91%
1/22/2014,457.95,460.55,461.55,456.7,21.65K,-0.72%
1/21/2014,461.25,456.05,462,454.55,26.59K,1.05%
1/20/2014,456.45,458.6,459.2,456,15.79K,-0.48%
1/17/2014,458.65,455.8,459.75,454.15,24.76K,0.46%
1/16/2014,456.55,459.95,460.75,454.65,28.23K,-0.72%
1/15/2014,459.85,454.9,460.25,452.3,26.79K,0.94%
1/14/2014,455.55,456.95,458.35,454,13.86K,-0.40%
1/13/2014,457.4,458.25,458.8,453.3,23.70K,-0.01%
1/10/2014,457.45,455,459,453.6,27.19K,0.40%
1/9/2014,455.65,463.7,464.05,454.5,30.48K,-1.60%
1/8/2014,463.05,466,467.4,462.6,23.21K,-0.49%
1/7/2014,465.35,467.15,467.9,464.2,20.57K,-0.36%
1/6/2014,467.05,467.6,467.6,462.9,21.91K,0.32%
1/4/2014,465.55,465.55,465.55,465.55,-,0.00%
1/3/2014,465.55,469,469,464.7,23.95K,-0.88%
1/2/2014,469.7,470.45,474.4,468.65,29.16K,0.23%
1/1/2014,468.6,469.25,471.6,468.3,4.71K,0.01%
12/31/2013,468.55,466.3,469.95,464.7,18.44K,0.43%
12/30/2013,466.55,468.05,469.85,466.25,15.87K,-0.35%
12/27/2013,468.2,468.45,469.95,467.35,16.91K,-0.38%
12/26/2013,470,467,470.6,466.7,21.49K,0.90%
12/24/2013,465.8,457.8,473.5,457.8,26.83K,1.91%
12/23/2013,457.05,458.3,459.3,456.3,14.84K,-0.36%
12/20/2013,458.7,460.5,462.2,458.35,18.81K,-0.37%
12/19/2013,460.4,460.5,461.7,457.5,29.63K,-0.24%
12/18/2013,461.5,458.1,461.8,457.2,22.72K,0.63%
12/17/2013,458.6,460,462.45,458.1,26.42K,-0.43%
12/16/2013,460.6,461,461.8,458.35,26.56K,-0.25%
12/13/2013,461.75,459.1,462.4,456.5,26.25K,0.40%
12/12/2013,459.9,455,461.2,454.2,32.27K,1.19%
12/11/2013,454.5,447.7,454.8,447.7,30.65K,1.51%
12/10/2013,447.75,445.85,449.1,445.85,26.02K,0.44%
12/9/2013,445.8,445.7,446.2,443.7,19.69K,-0.11%
12/6/2013,446.3,447,451.4,445.35,35.76K,-0.18%
12/5/2013,447.1,450,450,446.05,27.41K,-0.93%
12/4/2013,451.3,446.25,451.8,443.7,37.56K,1.30%
12/3/2013,445.5,445.9,446.6,443.6,23.96K,-0.02%
12/2/2013,445.6,449.5,451.4,445,25.82K,0.24%
11/29/2013,444.55,444,447.7,441.2,23.65K,0.01%
11/28/2013,444.5,443.45,445.3,441.9,16.08K,0.41%
11/27/2013,442.7,442.15,443.85,440.75,23.01K,-0.12%
11/26/2013,443.25,443.15,445.3,442.4,22.10K,-0.17%
11/25/2013,444,443.75,444.25,441.1,27.05K,-0.01%
11/22/2013,444.05,444.2,446.35,442.6,29.38K,-0.12%
11/21/2013,444.6,437.45,445.25,436.7,41.71K,1.94%
11/20/2013,436.15,435.6,438.9,435.35,30.13K,0.24%
11/19/2013,435.1,432.4,436.25,428.85,41.43K,0.47%
11/18/2013,433.05,439.5,440.65,432.7,31.74K,-1.81%
11/15/2013,441.05,442,442.15,438.7,17.14K,-0.25%
11/14/2013,442.15,443.1,444.85,440.65,37.06K,-0.17%
11/13/2013,442.9,457.55,457.55,442.3,54.52K,-3.47%
11/12/2013,458.8,458.35,459.25,456.7,26.63K,-0.04%
11/11/2013,459,457.9,460.15,456.6,27.23K,0.44%
11/8/2013,457,452.05,458.95,450.35,45.02K,1.16%
11/7/2013,451.75,449.45,452.9,448.6,35.74K,0.72%
11/6/2013,448.5,448.75,454.15,447,31.82K,-0.26%
11/5/2013,449.65,448.15,449.95,445.85,24.63K,0.46%
11/4/2013,447.6,454.25,454.25,447.25,15.05K,-1.69%
11/3/2013,455.3,456.85,456.85,455.05,1.49K,-0.13%
11/1/2013,455.9,452,457.95,452,25.71K,0.75%
10/31/2013,452.5,450.25,452.9,448.25,29.65K,0.41%
10/30/2013,450.65,449.2,452.2,449.1,28.42K,0.70%
10/29/2013,447.5,447,449.85,444.15,29.22K,0.20%
10/28/2013,446.6,445.45,449.35,445.45,24.37K,0.04%
10/25/2013,446.4,446.85,448.5,443.1,32.22K,-0.06%
10/24/2013,446.65,447.95,448.6,444.15,32.01K,-0.13%
10/23/2013,447.25,453.4,454.7,446.7,36.37K,-1.58%
10/22/2013,454.45,453.35,457.25,452.35,34.75K,0.29%
10/21/2013,453.15,451.2,453.6,450.3,22.29K,0.97%
10/18/2013,448.8,448.1,453.95,447.7,32.28K,0.27%
10/17/2013,447.6,452,452,446.2,31.08K,-1.31%
10/16/2013,453.55,452.55,455.55,449.3,19.94K,-0.23%
10/15/2013,454.6,453.6,459.8,450.95,29.00K,0.54%
10/14/2013,452.15,446,453.2,444.55,32.33K,1.44%
10/11/2013,445.75,443.05,447.75,441.35,42.11K,0.50%
10/10/2013,443.55,448.1,450.5,440.05,51.20K,-0.84%
10/9/2013,447.3,455,455.4,445.85,50.08K,-1.96%
10/8/2013,456.25,455.2,459.4,453.3,35.12K,0.45%
10/7/2013,454.2,455.5,457.45,451.25,38.28K,0.00%
10/4/2013,454.2,452.3,456.35,447.9,45.22K,-0.04%
10/3/2013,454.4,457.05,461.95,452,36.42K,-1.00%
10/1/2013,459,465.05,465.5,456.85,36.93K,-1.59%
9/30/2013,466.4,467.4,471.4,465,32.64K,-0.78%
9/27/2013,470.05,457.3,470.9,456.2,47.06K,2.56%
9/26/2013,458.3,457.2,461.35,455.2,36.92K,0.39%
9/25/2013,456.5,459.5,460.85,456.1,28.32K,-0.59%
9/24/2013,459.2,462.6,462.85,456.7,34.12K,-1.05%
9/23/2013,464.05,465,465,458.55,32.86K,-0.42%
9/20/2013,466,467.65,470.25,463.35,45.33K,0.12%
9/19/2013,465.45,464.25,466.8,459,44.19K,-0.61%
9/18/2013,468.3,456.8,469.3,455.65,47.27K,2.56%
9/17/2013,456.6,458,459.95,455.1,34.71K,-0.14%
9/16/2013,457.25,460.2,460.2,451,42.24K,-0.78%
9/14/2013,460.85,457.45,461.8,456.95,2.84K,0.98%
9/13/2013,456.4,460.5,462.85,454.35,40.83K,-0.62%
9/12/2013,459.25,463.55,466.4,456,50.37K,-1.20%
9/11/2013,464.85,469.45,472.2,463.7,38.10K,-0.51%
9/10/2013,467.25,472.1,473.4,465.05,47.72K,-1.30%
9/9/2013,473.4,476.9,482.3,473,18.67K,-0.60%
9/7/2013,476.25,474.65,476.6,474,1.22K,0.42%
9/6/2013,474.25,484.6,485.45,473.8,54.50K,-1.91%
9/5/2013,483.5,483.25,487.5,477.2,59.10K,-0.04%
9/4/2013,483.7,506,506,481.65,68.39K,-5.15%
9/3/2013,509.95,494.3,510.5,494,59.20K,2.80%
9/2/2013,496.05,488.5,496.9,485.9,40.42K,1.87%
8/31/2013,486.95,485.4,487.5,485.1,1.61K,2.87%
8/30/2013,473.35,489,489.9,469.6,32.54K,-2.78%
8/29/2013,486.9,484,495.3,481.1,47.71K,0.57%
8/28/2013,484.15,494.8,512.7,481.8,86.61K,-2.08%
8/27/2013,494.45,473.9,502.3,473.9,76.38K,4.34%
8/26/2013,473.9,476.45,479.9,467.7,44.08K,-0.21%
8/24/2013,474.9,475.25,477.9,474.4,1.92K,-0.11%
8/23/2013,475.4,470.1,476.2,469.5,54.54K,1.07%
8/22/2013,470.35,473,483.2,469.8,61.55K,-0.33%
8/21/2013,471.9,464.75,473,462.8,49.59K,1.36%
8/20/2013,465.55,468.1,468.6,461,39.43K,-0.66%
8/19/2013,468.65,464.9,470.8,461.2,47.12K,0.30%
8/17/2013,467.25,464.7,468,462.2,5.83K,0.58%
8/16/2013,464.55,451.9,465.7,451.9,51.91K,2.96%
8/14/2013,451.2,449.15,451.7,447.7,46.75K,0.39%
8/13/2013,449.45,448,451.5,446.2,51.20K,0.50%
8/12/2013,447.2,441.5,448.5,441.3,53.40K,1.12%
8/10/2013,442.25,441.85,442.6,441.5,2.15K,0.12%
8/9/2013,441.7,439,443.5,437.5,27.97K,0.72%
8/8/2013,438.55,432,440.5,432,63.30K,1.59%
8/7/2013,431.7,430,432.1,425,65.43K,0.21%
8/6/2013,430.8,429,437.3,429,59.76K,0.61%
8/5/2013,428.2,427.8,428.7,425,37.08K,0.00%
8/3/2013,428.2,428.15,428.5,427.7,1.24K,-0.07%
8/2/2013,428.5,424.7,432.3,421.7,72.35K,0.67%
8/1/2013,425.65,421,427.3,420,57.65K,0.97%
7/31/2013,421.55,412.35,422,412.4,71.54K,2.52%
7/30/2013,411.2,411,413.7,409.1,53.44K,0.09%
7/29/2013,410.85,408.4,411.3,406.4,44.35K,0.61%
7/27/2013,408.35,407.8,408.6,407.1,2.66K,0.01%
7/26/2013,408.3,415.9,415.9,407.3,67.81K,-2.20%
7/25/2013,417.5,419,419.4,413.4,62.01K,-0.51%
7/24/2013,419.65,421.25,423.4,417.4,77.23K,-0.52%
7/23/2013,421.85,421,422.2,419,44.97K,0.50%
7/22/2013,419.75,415.5,422.5,415.5,59.61K,1.21%
7/20/2013,414.75,414.25,415,414.3,0.98K,0.12%
7/19/2013,414.25,416,418,412.7,48.78K,-0.31%
7/18/2013,415.55,413,415.9,411.5,51.79K,0.73%
7/17/2013,412.55,416.9,421,411.1,79.73K,-0.90%
7/16/2013,416.3,414.75,419.3,414.2,58.86K,0.57%
7/15/2013,413.95,420.2,422.3,413,57.66K,-1.45%
7/13/2013,420.05,419.5,420.5,419.3,1.72K,0.08%
7/12/2013,419.7,422,422.5,418.2,53.96K,-0.79%
7/11/2013,423.05,412.55,425.3,412.6,83.33K,2.68%
7/10/2013,412,407.8,412.5,405,64.70K,0.80%
7/9/2013,408.75,416.5,416.5,406.1,74.25K,-2.25%
7/8/2013,418.15,418.6,419.8,414.6,47.77K,0.10%
7/6/2013,417.75,416.05,418.2,416.1,2.47K,0.42%
7/5/2013,416,419.1,419.1,414.1,62.83K,-0.94%
7/4/2013,419.95,424.8,424.8,419.5,41.10K,-1.37%
7/3/2013,425.8,418,426.2,418,69.55K,2.10%
7/2/2013,417.05,416.5,418.9,414.1,69.38K,-0.02%
7/1/2013,417.15,405.8,419.5,404.3,86.25K,2.59%
6/29/2013,406.6,407,407.2,406.1,2.14K,1.28%
6/28/2013,401.45,402.65,405.8,400.5,44.51K,-0.58%
6/27/2013,403.8,409,409.4,403.5,91.26K,-1.21%
6/26/2013,408.75,402.4,410.4,398.5,130.47K,1.31%
6/25/2013,403.45,399.6,407,393.3,190.96K,0.66%
6/24/2013,400.8,406.35,406.4,394.6,154.68K,-1.72%
6/22/2013,407.8,407.85,408.6,407.6,1.92K,0.11%
6/21/2013,407.35,405.6,407.8,401.9,117.38K,0.64%
6/20/2013,404.75,409.25,410.4,403.7,145.41K,-0.87%
6/19/2013,408.3,410.45,412,405.9,99.36K,-0.44%
6/18/2013,410.1,410.8,412.7,408.6,101.61K,0.16%
6/17/2013,409.45,408.25,412.2,407.2,84.76K,0.37%
6/15/2013,407.95,407.2,408.1,406.9,1.85K,0.11%
6/14/2013,407.5,408.75,411.7,405.4,93.57K,-0.21%
6/13/2013,408.35,412.5,417.3,406.2,131.49K,-0.78%
6/12/2013,411.55,410.3,414.7,408.3,106.91K,0.17%
6/11/2013,410.85,417.5,421.5,410.6,100.24K,-1.45%
6/10/2013,416.9,412.1,417.3,411.1,84.63K,0.88%
6/8/2013,413.25,414.85,414.9,412.8,3.44K,-0.34%
6/7/2013,414.65,417.6,420.7,413.5,100.23K,-0.54%
6/6/2013,416.9,423.45,423.8,416.6,107.24K,-1.72%
6/5/2013,424.2,419.75,426.9,418.4,106.74K,0.88%
6/4/2013,420.5,415.55,421.5,415.6,98.71K,1.20%
6/3/2013,415.5,412,419.9,412,96.33K,0.89%
6/1/2013,411.85,412.7,412.7,411.2,3.42K,-0.29%
5/31/2013,413.05,414.7,416.1,411.5,78.87K,-0.36%
5/30/2013,414.55,410.5,416.2,405.1,122.39K,0.75%
5/29/2013,411.45,411,412.9,408,96.19K,-0.06%
5/28/2013,411.7,406.95,414.4,404.6,113.10K,1.08%
5/27/2013,407.3,408.2,408.2,405.9,26.04K,-0.13%
5/24/2013,407.85,408.2,409.7,405.7,86.90K,-0.15%
5/23/2013,408.45,416.4,416.4,404.2,127.20K,-2.02%
5/22/2013,416.85,410.5,420.5,410.5,121.39K,1.75%
5/21/2013,409.7,408.55,414.9,408,99.94K,0.17%
5/20/2013,409,405,410.9,400.2,111.24K,0.84%
5/18/2013,405.6,405.65,405.9,405,2.01K,-0.10%
5/17/2013,406,401.4,406.8,400.7,117.63K,1.37%
5/16/2013,400.5,398.4,401.8,393.1,116.13K,0.78%
5/15/2013,397.4,399.1,400,392.6,111.02K,-0.60%
5/14/2013,399.8,407.8,407.8,398.2,119.88K,-2.15%
5/13/2013,408.6,409.2,411.6,405.8,85.90K,-0.54%
5/11/2013,410.8,409,411,409,5.65K,0.67%
5/10/2013,408.05,402.7,409,401.1,140.64K,1.35%
5/9/2013,402.6,402.9,403.8,399.3,104.99K,-0.33%
5/8/2013,403.95,396.4,406.8,394.9,139.23K,1.90%
5/7/2013,396.4,397.2,399.1,392.4,119.95K,-0.11%
5/6/2013,396.85,394.55,399.3,394.4,77.48K,0.58%
5/4/2013,394.55,395.1,397.2,394,5.49K,-0.19%
5/3/2013,395.3,373,395.9,373,192.64K,6.22%
5/2/2013,372.15,368.95,375.4,367.4,124.34K,1.14%
5/1/2013,367.95,379.25,379.3,366.4,74.98K,-3.43%
4/30/2013,381,386.05,387.3,379.8,40.55K,-1.23%
4/29/2013,385.75,382.6,387.5,379.5,83.86K,0.90%
4/27/2013,382.3,381.7,382.7,380.5,2.18K,0.03%
4/26/2013,382.2,387.3,387.7,381.4,103.71K,-1.72%
4/25/2013,388.9,380,389.4,380,120.86K,2.72%
4/24/2013,378.6,371.2,380.3,371.2,67.90K,2.37%
4/23/2013,369.85,374.1,374.1,366.8,153.30K,-1.37%
4/22/2013,375,374.5,375.8,368.4,148.42K,-0.33%
4/20/2013,376.25,374,377,370.2,3.73K,0.41%
4/19/2013,374.7,377.45,379.1,370.9,91.68K,-1.82%
4/18/2013,381.65,380,383,368.7,195.19K,0.07%
4/17/2013,381.4,393.7,393.7,379.7,152.05K,-3.35%
4/16/2013,394.6,396.65,396.7,390,101.72K,-0.38%
4/15/2013,396.1,402.65,402.7,386.6,197.10K,-2.08%
4/13/2013,404.5,402.25,404.8,402,6.71K,-0.04%
4/12/2013,404.65,412.4,413.9,402.9,116.00K,-1.76%
4/11/2013,411.9,412,413.4,408.2,94.49K,-0.15%
4/10/2013,412.5,414,414.3,410.4,83.07K,-0.48%
4/9/2013,414.5,408,415.5,408,103.01K,1.61%
4/8/2013,407.95,408.25,410.2,406.7,74.69K,0.57%
4/6/2013,405.65,406.15,406.2,404.2,3.66K,-0.15%
4/5/2013,406.25,408.7,409.8,405.3,77.08K,-0.68%
4/4/2013,409.05,403,411,401.5,114.67K,1.41%
4/3/2013,403.35,408.7,408.7,403.1,94.82K,-1.27%
4/2/2013,408.55,407.3,408.9,406.1,85.31K,0.13%
4/1/2013,408,410.25,410.3,405.1,65.96K,-0.54%
3/30/2013,410.2,413,413,396.5,16.59K,-0.68%
3/28/2013,413,416.6,418.4,412.6,85.58K,-1.05%
3/27/2013,417.4,417.05,417.8,415.4,27.94K,-0.07%
3/26/2013,417.7,416.6,419.8,415.4,71.78K,0.14%
3/25/2013,417.1,419,419.3,415.3,77.06K,-0.63%
3/23/2013,419.75,419.15,419.9,419,2.48K,0.13%
3/22/2013,419.2,416.55,420,415.2,103.02K,0.70%
3/21/2013,416.3,417.6,420,414.1,111.23K,-0.20%
3/20/2013,417.15,413.6,418.2,413.6,91.17K,1.05%
3/19/2013,412.8,413,416.7,411.9,108.74K,0.04%
3/18/2013,412.65,423.5,423.5,412.2,172.93K,-2.64%
3/16/2013,423.85,423.75,424.1,423.4,2.06K,0.07%
3/15/2013,423.55,426.85,428.2,423.3,78.43K,-0.65%
3/14/2013,426.3,426.85,428.6,425.9,76.89K,-0.33%
3/13/2013,427.7,428.45,429.9,426.8,74.00K,-0.14%
3/12/2013,428.3,425.55,430.2,423.8,95.79K,0.63%
3/11/2013,425.6,425.7,426.6,421.7,93.49K,0.08%
3/9/2013,425.25,425.05,425.4,425,1.86K,0.01%
3/8/2013,425.2,427.5,428.2,424,96.28K,-0.47%
3/7/2013,427.2,427.55,428.5,425.3,83.12K,-0.01%
3/6/2013,427.25,430.5,430.5,426.3,94.37K,-0.82%
3/5/2013,430.8,430.6,432.3,429.6,82.79K,0.12%
3/4/2013,430.3,430.3,430.9,427.3,105.24K,-0.19%
3/2/2013,431.1,430.75,431.4,430.4,2.58K,0.15%
3/1/2013,430.45,431.2,431.2,425.5,120.45K,2.95%
2/28/2013,418.1,422.15,425.5,417.8,71.15K,-0.78%
2/27/2013,421.4,424.9,425.3,421,70.64K,-1.16%
2/26/2013,426.35,422.9,427.2,420.5,94.91K,0.92%
2/25/2013,422.45,423.1,424.7,420.8,98.55K,-0.31%
2/23/2013,423.75,423.7,424,423.3,3.02K,0.05%
2/22/2013,423.55,430,431.6,423,102.41K,-1.28%
2/21/2013,429.05,431.5,431.9,426.7,114.00K,-0.73%
2/20/2013,432.2,437.85,438.6,431.7,86.87K,-1.18%
2/19/2013,437.35,442.2,442.7,436.8,110.28K,-1.13%
2/18/2013,442.35,448.05,448.1,441.7,76.49K,-1.36%
2/16/2013,448.45,448.2,448.6,447.9,2.58K,0.02%
2/15/2013,448.35,445.35,449.5,444.9,69.66K,0.59%
2/14/2013,445.7,445.5,446.2,443.8,48.56K,0.18%
2/13/2013,444.9,445.35,447,443.5,54.60K,-0.06%
2/12/2013,445.15,443.75,445.5,442.9,53.86K,0.26%
2/11/2013,444,446.7,447.4,442.7,67.95K,-0.41%
2/9/2013,445.85,445.95,446.5,445.8,2.28K,-0.15%
2/8/2013,446.5,441.8,446.8,441.8,84.94K,1.16%
2/7/2013,441.4,440.15,442.7,439.5,76.96K,0.40%
2/6/2013,439.65,442.35,443.4,439.3,70.32K,-0.66%
2/5/2013,442.55,444.75,444.8,442,65.64K,-0.56%
2/4/2013,445.05,443.7,445.9,442.4,72.94K,0.30%
2/2/2013,443.7,444.05,444.2,443.6,2.14K,-0.11%
2/1/2013,444.2,439.6,444.4,438.6,105.24K,0.94%
1/31/2013,440.05,441.4,444.9,439.1,97.93K,-0.46%
1/30/2013,442.1,438.1,442.4,438.1,95.25K,0.95%
1/29/2013,437.95,438.3,438.7,435.2,90.10K,-0.10%
1/28/2013,438.4,436.35,439.8,436.1,69.10K,0.41%
1/25/2013,436.6,438.45,440.6,434.5,55.41K,-0.26%
1/24/2013,437.75,438.3,439.3,436.5,73.84K,-0.18%
1/23/2013,438.55,440.1,441.1,437.7,64.39K,-0.37%
1/22/2013,440.2,436.9,440.5,436.9,79.28K,0.89%
1/21/2013,436.3,438.5,439,436.1,47.20K,-0.54%
1/19/2013,438.65,438.6,438.9,438.5,1.86K,0.06%
1/18/2013,438.4,439.1,441.2,438,84.90K,-0.28%
1/17/2013,439.65,438.4,440.8,435.3,121.14K,0.24%
1/16/2013,438.6,441.9,442.8,438.4,76.06K,-0.61%
1/15/2013,441.3,440.75,441.8,437.9,90.45K,0.18%
1/14/2013,440.5,445.95,447.8,440.3,85.22K,-1.17%
1/12/2013,445.7,445.5,445.9,445.2,2.75K,0.07%
1/11/2013,445.4,448.35,448.7,445,86.36K,-0.76%
1/10/2013,448.8,447.6,451.2,446.8,98.64K,0.31%
1/9/2013,447.4,448.95,451.3,447.1,92.15K,-0.33%
1/8/2013,448.9,451.45,452.5,448.3,78.09K,-0.47%
1/7/2013,451,450.8,452.8,448.3,79.93K,-0.11%
1/5/2013,451.5,451.45,451.7,450.5,2.29K,0.18%
1/4/2013,450.7,448.8,452.2,447.6,95.15K,0.29%
1/3/2013,449.4,450.95,454.7,448.9,108.86K,-0.17%
1/2/2013,450.15,444.15,452.4,444.2,118.63K,1.41%
1/1/2013,443.9,444,444.2,442.9,9.41K,0.03%
12/31/2012,443.75,440,444.2,439.9,57.94K,1.00%
12/29/2012,439.35,439.45,440,438.6,1.54K,0.13%
12/28/2012,438.8,441.4,441.9,438.2,51.77K,-0.45%
12/27/2012,440.8,439.25,441.4,438.7,64.09K,0.44%
12/26/2012,438.85,437.05,440,435.9,53.19K,0.58%
12/24/2012,436.3,438.85,439.4,435.1,50.40K,-0.40%
12/22/2012,438.05,438.4,438.8,437.7,1.58K,-0.17%
12/21/2012,438.8,433.6,439.7,433.6,82.13K,1.35%
12/20/2012,432.95,439.05,439.2,432.2,107.92K,-1.48%
12/19/2012,439.45,446.1,446.1,438.4,117.24K,-1.60%
12/18/2012,446.6,447.4,449.2,445.8,80.93K,-0.07%
12/17/2012,446.9,446,449,444.8,96.03K,0.36%
12/15/2012,445.3,445.65,445.9,445.1,1.85K,-0.11%
12/14/2012,445.8,444.6,447.3,444.6,55.26K,0.37%
12/13/2012,444.15,446.55,446.6,443.1,74.79K,-0.68%
12/12/2012,447.2,445.8,448.2,444.2,69.81K,0.24%
12/11/2012,446.15,448.2,448.4,445.3,69.34K,-0.57%
12/10/2012,448.7,444.8,450.5,444.8,90.38K,0.99%
12/8/2012,444.3,443.9,444.8,443.5,2.31K,0.20%
12/7/2012,443.4,440.95,445,440.2,77.82K,0.57%
12/6/2012,440.9,446.15,446.3,440,113.19K,-1.28%
12/5/2012,446.6,446.55,447.7,443.8,88.28K,0.20%
12/4/2012,445.7,444.7,447.7,443.6,91.97K,0.28%
12/3/2012,444.45,441.7,445.1,441.7,79.10K,0.82%
12/1/2012,440.85,441.45,441.5,440.5,2.63K,1.10%
11/30/2012,436.05,432.5,436.4,430.2,56.23K,0.62%
11/29/2012,433.35,432.6,435.2,429.1,91.56K,0.21%
11/28/2012,432.45,432.3,433.4,429.1,54.56K,-0.01%
11/27/2012,432.5,433.55,435.9,431.1,90.89K,-0.27%
11/26/2012,433.65,430.65,434.3,430.7,81.62K,0.56%
11/24/2012,431.25,430.95,432.3,430.8,3.83K,0.07%
11/23/2012,430.95,426.25,431.3,425.3,99.93K,1.02%
11/22/2012,426.6,426.15,428.6,426.2,47.23K,0.19%
11/21/2012,425.8,427.1,427.6,423.2,84.62K,-0.46%
11/20/2012,427.75,426.75,429.8,425.7,86.50K,0.18%
11/19/2012,427,422,428.3,421.9,100.80K,1.23%
11/17/2012,421.8,422,422.4,421.5,1.98K,0.01%
11/16/2012,421.75,421,422.7,419.2,84.22K,0.27%
11/15/2012,420.6,420.05,421.9,418.6,76.87K,0.23%
11/14/2012,419.65,419.6,423.5,419.3,64.50K,0.21%
11/13/2012,418.75,421.15,421.4,417.6,19.55K,-0.75%
11/12/2012,421.9,416,422,415.4,95.54K,1.37%
11/10/2012,416.2,415.75,416.5,415.3,2.01K,0.08%
11/9/2012,415.85,417.2,419.6,412.7,108.92K,-0.24%
11/8/2012,416.85,416.35,417.7,413.4,82.55K,0.40%
11/7/2012,415.2,423,424.8,413.3,152.47K,-1.61%
11/6/2012,422,421.05,423.6,419.5,74.86K,0.32%
11/5/2012,420.65,416.95,421.1,414.7,90.07K,0.89%
11/3/2012,416.95,416,417.3,416,3.56K,0.24%
11/2/2012,415.95,423.05,423.2,415.7,112.64K,-1.74%
11/1/2012,423.3,419.7,424.8,419.7,92.01K,0.86%
10/31/2012,419.7,421.8,425.4,419.4,109.85K,-0.34%
10/30/2012,421.15,420.05,423.5,419.2,85.39K,0.06%
10/29/2012,420.9,425.35,425.4,418.9,92.07K,-1.19%
10/27/2012,425.95,425.15,426.2,424.8,2.60K,0.22%
10/26/2012,425,423.25,426.4,421.3,58.84K,0.32%
10/25/2012,423.65,426.5,426.9,422.1,77.18K,-0.88%
10/24/2012,427.4,426.75,428.6,424.9,43.20K,0.19%
10/23/2012,426.6,428.75,429.9,424.4,96.67K,-0.56%
10/22/2012,429,434.8,434.8,428.5,92.02K,-1.39%
10/20/2012,435.05,435.2,437.7,434.8,3.52K,-0.10%
10/19/2012,435.5,443.05,443.1,435.3,105.92K,-1.87%
10/18/2012,443.8,439.75,444.4,438.9,103.91K,1.06%
10/17/2012,439.15,434.25,439.6,433.1,98.76K,1.11%
10/16/2012,434.35,434.5,436,432.9,60.77K,-0.05%
10/15/2012,434.55,434.2,435.7,432.2,83.26K,-0.08%
10/13/2012,434.9,434.45,435,434.2,2.33K,0.03%
10/12/2012,434.75,437.6,437.7,434,76.51K,-0.72%
10/11/2012,437.9,437.75,439.9,436.6,85.97K,0.07%
10/10/2012,437.6,435,437.9,434.3,90.72K,0.66%
10/9/2012,434.75,433.9,436.2,433.9,75.70K,0.30%
10/8/2012,433.45,433.25,434,431.1,68.85K,-0.08%
10/6/2012,433.8,433.8,434,433.3,3.89K,-0.09%
10/5/2012,434.2,433.9,437.5,433.8,83.65K,0.23%
10/4/2012,433.2,438.55,438.9,432.6,96.89K,-1.28%
10/3/2012,438.8,441,441,437.8,82.29K,-0.28%
10/1/2012,440.05,440.55,441.9,436.2,103.97K,-0.23%
9/29/2012,441.05,440.5,441.8,440.4,2.35K,0.10%
9/28/2012,440.6,439.9,442,438.6,89.09K,0.12%
9/27/2012,440.05,441.75,442.1,436.8,121.31K,-0.44%
9/26/2012,442,444.95,445,439.8,94.76K,-0.67%
9/25/2012,445,442.9,446.3,442.7,88.95K,0.56%
9/24/2012,442.5,445,445,440.8,85.76K,-0.65%
9/22/2012,445.4,446,446,445.2,3.63K,-0.24%
9/21/2012,446.45,452.95,455.1,446.1,124.65K,-1.27%
9/20/2012,452.2,457.3,457.3,449.7,105.45K,-1.26%
9/19/2012,457.95,455.6,459.3,455.6,54.39K,0.65%
9/18/2012,455,454,455.4,448.9,119.14K,0.41%
9/17/2012,453.15,456,456,451.9,93.41K,-0.78%
9/15/2012,456.7,457.2,457.8,456.3,3.66K,-0.21%
9/14/2012,457.65,456,463,456,147.00K,0.51%
9/13/2012,455.35,452.9,456.4,448.6,138.42K,0.65%
9/12/2012,452.4,452.05,456.9,448.8,153.70K,-0.11%
9/11/2012,452.9,453,454.7,449.6,125.39K,-0.07%
9/10/2012,453.2,447.6,454.9,447.6,161.81K,1.25%
9/8/2012,447.6,446.75,450.6,446.2,10.33K,0.18%
9/7/2012,446.8,434.5,447.2,434.5,201.19K,3.08%
9/6/2012,433.45,437,439,433.1,149.21K,-0.88%
9/5/2012,437.3,430,443,429,160.02K,1.80%
9/4/2012,429.55,429.4,431.5,428.7,100.88K,-0.02%
9/3/2012,429.65,427.65,430.8,427.7,76.82K,0.57%
9/1/2012,427.2,426.65,427.8,426.2,4.00K,0.68%
8/31/2012,424.3,423.3,425.7,418.4,72.93K,0.27%
8/30/2012,423.15,422.3,427.5,421.1,109.74K,0.12%
8/29/2012,422.65,424.05,424.4,421.2,94.33K,-0.56%
8/28/2012,425.05,426.3,426.3,423.3,79.80K,-0.40%
8/27/2012,426.75,426.95,428.8,425.6,73.74K,0.00%
8/25/2012,426.75,425.75,427,425.5,4.63K,0.26%
8/24/2012,425.65,423.3,426,422.2,96.96K,0.52%
